Year,Rank,Country name,Ladder score,upperwhisker,lowerwhisker,Explained by: Log GDP per capita,Explained by: Social support,Explained by: Healthy life expectancy,Explained by: Freedom to make life choices,Explained by: Generosity,Explained by: Perceptions of corruption,Dystopia + residual,"School enrollment, tertiary (% gross)","School enrollment, secondary (% gross)"
2023,143,Afghanistan,1.721,1.775,1.667,0.628,0.0,0.242,0.0,0.091,0.088,0.672,..,..
2022,137,Afghanistan,1.859,1.923,1.795,0.645,0.0,0.087,0.0,0.093,0.059,0.976,..,..
2021,146,Afghanistan,2.404,2.469,2.339,0.758,0.0,0.289,0.0,0.089,0.005,1.263,..,..
2020,150,Afghanistan,2.523,2.596,2.449,0.37,0.0,0.126,0.0,0.122,0.01,1.895,10.8584403991699,..
2019,153,Afghanistan,2.56690001487732,2.62827038764954,2.5055296421051,0.300705850124359,0.356433838605881,0.266051530838013,0.0,0.135234713554382,0.00122578535228968,1.50723564624786,..,..
2023,87,Albania,5.304,5.44,5.168,1.438,0.924,0.638,0.69,0.138,0.049,1.428,64.7293472290039,96.1368789672852
2022,83,Albania,5.277,5.406,5.148,1.449,0.951,0.48,0.549,0.133,0.037,1.678,62.6479187011719,97.3224716186523
2021,90,Albania,5.199,5.321,5.076,1.439,0.646,0.719,0.511,0.138,0.028,1.718,59.9698715209961,97.6650314331055
2020,94,Albania,5.117,5.234,5.001,1.008,0.529,0.646,0.491,0.168,0.024,2.25,61.5853004455566,95.9294509887695
2019,105,Albania,4.88269996643066,4.99268674850464,4.77271318435669,0.906653046607971,0.830483913421631,0.846329629421234,0.46194589138031,0.171027764678001,0.0253612846136093,1.64089703559875,61.4085083007812,99.0151519775391
2023,85,Algeria,5.364,5.476,5.251,1.324,1.191,0.568,0.247,0.091,0.2,1.743,55.5188903808594,102.7021484375
2022,81,Algeria,5.329,5.451,5.207,1.353,1.298,0.409,0.252,0.073,0.152,1.791,53.4012489318848,105.932548522949
2021,96,Algeria,5.122,5.215,5.03,1.363,0.97,0.643,0.146,0.106,0.15,1.744,54.2099914550781,..
2020,110,Algeria,4.887,4.991,4.783,0.946,0.765,0.552,0.119,0.144,0.12,2.242,53.6140289306641,..
2019,100,Algeria,5.00509977340698,5.09180212020874,4.91839742660522,0.943856000900269,1.14300358295441,0.745418548583984,0.0839437991380692,0.118915013968945,0.129190653562546,1.84081172943115,54.1856307983398,..
2023,48,Argentina,6.188,6.306,6.07,1.562,1.381,0.585,0.681,0.087,0.08,1.812,..,..
2022,52,Argentina,6.024,6.147,5.9,1.59,1.388,0.427,0.587,0.088,0.082,1.861,107.047912597656,115.434867858887
2021,57,Argentina,5.967,6.09,5.844,1.592,1.102,0.662,0.555,0.081,0.085,1.891,107.130661010742,116.559448242188
2020,58,Argentina,5.929,6.04,5.819,1.162,0.98,0.646,0.544,0.069,0.067,2.461,99.266227722168,112.416679382324
2019,55,Argentina,5.97469997406006,6.07944583892822,5.86995410919189,1.02846562862396,1.37254369258881,0.849773705005646,0.520840346813202,0.0701004713773727,0.0604150593280792,2.07254099845886,95.0775527954102,110.498527526855
2023,82,Armenia,5.455,5.56,5.35,1.444,1.154,0.603,0.65,0.051,0.173,1.379,61.1857986450195,95.1246490478516
2022,79,Armenia,5.342,5.47,5.213,1.466,1.134,0.443,0.551,0.053,0.16,1.534,59.8064498901367,96.8645629882812
2021,82,Armenia,5.399,5.519,5.278,1.434,0.82,0.668,0.558,0.054,0.21,1.654,58.7563095092773,97.3015594482422
2020,87,Armenia,5.283,5.397,5.168,0.996,0.758,0.585,0.54,0.079,0.198,2.127,53.3061294555664,94.89111328125
2019,116,Armenia,4.67679977416992,4.7916464805603,4.56195306777954,0.808262407779694,1.03457689285278,0.775857269763947,0.378075808286667,0.107225738465786,0.104618184268475,1.46816158294678,53.3068199157715,93.6171493530273
2023,10,Australia,7.057,7.141,6.973,1.854,1.461,0.692,0.756,0.225,0.323,1.745,..,..
2022,12,Australia,7.095,7.18,7.009,1.899,1.497,0.532,0.677,0.242,0.31,1.938,106.240760803223,133.277267456055
2021,12,Australia,7.162,7.244,7.081,1.9,1.203,0.772,0.676,0.258,0.341,2.011,112.688293457031,135.526565551758
2020,12,Australia,7.183,7.265,7.102,1.453,1.076,0.801,0.647,0.291,0.317,2.598,110.139221191406,137.490737915039
2019,12,Australia,7.22279977798462,7.30480813980103,7.14079141616821,1.31039643287659,1.47714626789093,1.02260768413544,0.621877193450928,0.324973613023758,0.33599641919136,2.1298041343689,109.759559631348,144.056564331055
2023,14,Austria,6.905,6.986,6.824,1.885,1.336,0.696,0.703,0.214,0.305,1.766,..,..
2022,11,Austria,7.097,7.176,7.018,1.927,1.382,0.535,0.63,0.191,0.31,2.124,94.5116882324219,101.458000183105
2021,11,Austria,7.163,7.237,7.089,1.931,1.165,0.774,0.623,0.193,0.329,2.148,93.940071105957,102.307662963867
2020,11,Austria,7.268,7.337,7.198,1.492,1.062,0.782,0.64,0.215,0.292,2.784,88.7071990966797,101.690559387207
2019,9,Austria,7.29419994354248,7.35959577560425,7.22880411148071,1.31728553771973,1.43744492530823,1.00093352794647,0.603368878364563,0.25550976395607,0.281256139278412,2.39844608306885,86.3234329223633,101.543632507324
2023,101,Azerbaijan,4.893,5.018,4.768,1.433,0.876,0.496,0.668,0.112,0.199,1.11,41.3907585144043,92.7589111328125
2021,92,Azerbaijan,5.173,5.265,5.082,1.458,1.093,0.56,0.601,0.023,0.341,1.098,39.0096015930176,91.4322891235352
2020,91,Azerbaijan,5.171,5.25,5.091,1.025,0.841,0.541,0.526,0.043,0.276,1.919,36.3854713439941,91.3968963623047
2019,89,Azerbaijan,5.16480016708374,5.23182678222656,5.09777355194092,0.990272700786591,1.18061304092407,0.731134057044983,0.467734724283218,0.0401132144033909,0.247307181358337,1.50763297080994,32.9221801757812,107.899871826172
2023,62,Bahrain,5.959,6.153,5.766,,,,,,,,71.9592971801758,99.7823333740234
2022,42,Bahrain,6.173,6.369,5.977,1.883,1.269,0.389,0.748,0.199,0.138,1.546,77.2444915771484,103.490966796875
2021,21,Bahrain,6.647,6.779,6.514,1.854,1.029,0.625,0.693,0.199,0.155,2.092,70.7630310058594,..
2020,23,Bahrain,6.647,6.779,6.514,1.409,0.899,0.662,0.661,0.246,0.139,2.631,56.6339988708496,..
2019,40,Bahrain,6.22730016708374,6.38778924942017,6.06681108474731,1.29669225215912,1.31532371044159,0.838836371898651,0.610399901866913,0.287453711032867,0.12669725716114,1.75191736221313,53.6918601989746,101.02108001709
2023,129,Bangladesh,3.886,3.994,3.778,1.122,0.249,0.513,0.775,0.14,0.167,0.919,23.7743072509766,71.4947068269712
2022,118,Bangladesh,4.282,4.416,4.148,1.133,0.513,0.355,0.617,0.139,0.165,1.361,22.8396492004395,71.8219832597133
2021,94,Bangladesh,5.155,5.262,5.049,1.06,0.614,0.581,0.622,0.125,0.187,1.967,23.40016746521,70.2933328560227
2020,102,Bangladesh,5.025,5.115,4.934,0.635,0.52,0.514,0.603,0.161,0.164,2.427,22.538854598999,69.0135708627668
2019,107,Bangladesh,4.83279991149902,4.91144323348999,4.75415658950806,0.556156277656555,0.868800580501556,0.694940507411957,0.604130566120148,0.176745116710663,0.176735907793045,1.75526189804077,22.8052139282227,67.2209189141778
2021,65,Belarus,5.821,5.95,5.693,1.562,1.157,0.629,0.342,0.04,0.282,1.811,73.9591369628906,95.2133865356445
2020,76,Belarus,5.534,5.625,5.442,1.124,1.007,0.56,0.326,0.07,0.199,2.247,76.8908920288086,95.0074691772461
2019,75,Belarus,5.5398998260498,5.6125373840332,5.46726226806641,1.01885449886322,1.38713932037354,0.75258857011795,0.290755867958069,0.0899330601096153,0.193607434630394,1.80699110031128,80.1720199584961,94.9205322265625
2023,16,Belgium,6.894,6.961,6.827,1.868,1.44,0.69,0.729,0.17,0.311,1.686,..,..
2022,17,Belgium,6.859,6.926,6.793,1.907,1.449,0.528,0.59,0.137,0.273,1.976,83.5736465454102,142.918075561523
2021,19,Belgium,6.805,6.89,6.72,1.907,1.106,0.764,0.492,0.049,0.204,2.283,82.6882019042969,143.163513183594
2020,21,Belgium,6.834,6.901,6.767,1.463,0.998,0.747,0.489,0.088,0.187,2.862,79.4996032714844,151.727508544922
2019,20,Belgium,6.86350011825562,6.93086624145508,6.79613399505615,1.29584276676178,1.39867758750916,0.964901149272919,0.499805420637131,0.146966159343719,0.208724051713943,2.34862661361694,79.3044815063477,156.635375976562
2023,116,Benin,4.377,4.51,4.245,0.914,0.128,0.284,0.567,0.112,0.252,2.121,..,..
2022,116,Benin,4.374,4.504,4.244,0.924,0.242,0.124,0.481,0.114,0.253,2.235,10.647970199585,45.3651695251465
2021,115,Benin,4.623,4.754,4.492,0.932,0.064,0.335,0.479,0.127,0.23,2.458,10.2315101623535,46.0770416259766
2020,100,Benin,5.045,5.189,4.901,0.507,0.058,0.196,0.457,0.166,0.178,3.482,10.8024797439575,45.7407913208008
2019,86,Benin,5.21600008010864,5.368408203125,5.06359195709229,0.366244703531265,0.352428436279297,0.328062951564789,0.405839890241623,0.196670427918434,0.12593187391758,3.44080972671509,10.7973299026489,..
2023,73,Bolivia,5.784,5.895,5.674,1.217,1.179,0.488,0.719,0.1,0.061,2.02,..,92.400520324707
2022,69,Bolivia,5.684,5.797,5.572,1.24,1.187,0.329,0.648,0.103,0.06,2.118,..,91.4673690795898
2021,71,Bolivia,5.6,5.709,5.491,1.256,0.88,0.555,0.627,0.112,0.064,2.107,..,91.4961090087891
2020,70,Bolivia,5.716,5.819,5.613,0.842,0.782,0.486,0.6,0.138,0.064,2.805,..,90.0048294067383
2019,65,Bolivia,5.74749994277954,5.84676504135132,5.64823484420776,0.730976343154907,1.14235055446625,0.662445664405823,0.574464499950409,0.138375073671341,0.0729426369071007,2.42592859268188,..,90.0654907226562
2023,65,Bosnia and Herzegovina,5.877,5.979,5.775,1.465,1.318,0.587,0.621,0.246,0.0,1.64,44.9843902587891,84.2911529541016
2022,71,Bosnia and Herzegovina,5.633,5.775,5.49,1.467,1.361,0.429,0.485,0.247,0.008,1.635,44.6326713562012,85.2915191650391
2021,67,Bosnia and Herzegovina,5.768,5.877,5.659,1.468,1.068,0.665,0.448,0.244,0.006,1.869,43.5776786804199,84.969841003418
2020,65,Bosnia and Herzegovina,5.813,5.911,5.715,1.032,0.919,0.618,0.395,0.261,0.005,2.583,40.8813400268555,85.2992401123047
2019,69,Bosnia and Herzegovina,5.67409992218018,5.76501655578613,5.58318328857422,0.918395459651947,1.20398652553558,0.813928186893463,0.305365741252899,0.264005243778229,0.00117248704191297,2.1672420501709,41.597038269043,85.8158111572266
2023,137,Botswana,3.383,3.558,3.209,1.445,0.969,0.241,0.567,0.014,0.082,0.066,21.7908344268799,..
2022,132,Botswana,3.435,3.702,3.168,1.471,1.041,0.087,0.48,0.021,0.071,0.264,22.3768501281738,..
2021,142,Botswana,3.471,3.667,3.275,1.503,0.815,0.28,0.571,0.012,0.102,0.187,22.9046497344971,70.0183868408203
2020,147,Botswana,3.467,3.611,3.322,1.099,0.724,0.34,0.539,0.027,0.088,0.648,24.0127906799316,..
2019,147,Botswana,3.47889995574951,3.59756374359131,3.36023616790771,0.997548997402191,1.08569478988647,0.494101732969284,0.509089410305023,0.033407486975193,0.101786367595196,0.257240533828735,22.9742908477783,..
2023,44,Brazil,6.272,6.39,6.154,1.43,1.269,0.548,0.685,0.13,0.142,2.068,..,..
2022,49,Brazil,6.125,6.252,5.997,1.454,1.25,0.387,0.558,0.131,0.137,2.205,60.3906211853027,106.031188964844
2021,38,Brazil,6.293,6.384,6.202,1.462,1.044,0.615,0.546,0.131,0.134,2.361,56.8306198120117,106.651901245117
2020,36,Brazil,6.33,6.415,6.245,1.028,0.944,0.571,0.514,0.142,0.117,3.015,54.5727996826172,104.125999450684
2019,32,Brazil,6.37559986114502,6.45554971694946,6.29565000534058,0.952679872512817,1.36346411705017,0.766119062900543,0.483292728662491,0.131674587726593,0.106518603861332,2.57186031341553,52.6240615844727,103.953277587891
2023,81,Bulgaria,5.463,5.569,5.357,1.629,1.469,0.567,0.62,0.083,0.006,1.088,..,..
2022,77,Bulgaria,5.466,5.582,5.35,1.635,1.457,0.408,0.557,0.106,0.013,1.289,84.1293563842773,96.6720733642578
2021,85,Bulgaria,5.371,5.485,5.257,1.625,1.163,0.64,0.563,0.123,0.021,1.235,85.3017501831055,98.7087631225586
2020,89,Bulgaria,5.266,5.371,5.16,1.181,1.055,0.583,0.494,0.125,0.005,1.823,85.5331115722656,101.354942321777
2019,96,Bulgaria,5.10150003433228,5.18817329406738,5.01482677459717,1.04655468463898,1.46057891845703,0.777776896953583,0.417820066213608,0.103833712637424,0.0,1.29496145248413,84.7503128051758,102.656936645508
2023,110,Burkina Faso,4.548,4.686,4.41,0.756,0.685,0.274,0.483,0.173,0.179,1.999,10.1689100265503,30.9303798675537
2022,104,Burkina Faso,4.638,4.819,4.456,0.768,0.814,0.107,0.419,0.188,0.113,2.23,9.73007965087891,33.724910736084
2021,113,Burkina Faso,4.67,4.814,4.527,0.779,0.565,0.32,0.382,0.186,0.126,2.313,9.36093997955322,38.2898712158203
2020,114,Burkina Faso,4.834,4.993,4.675,0.364,0.472,0.179,0.381,0.182,0.122,3.133,7.6837100982666,39.4295806884766
2019,112,Burkina Faso,4.76870012283325,4.89035177230835,4.64704847335815,0.30246764421463,0.929385900497437,0.312833875417709,0.322398155927658,0.186390608549118,0.12640805542469,2.58882641792297,6.93696022033691,40.2732582092285
2020,141,Burundi,3.775,3.985,3.565,0.0,0.062,0.155,0.298,0.172,0.212,2.876,5.22371053695679,46.391471862793
2019,140,Burundi,3.77530002593994,3.98526000976563,3.56534004211426,0.0,0.403575271368027,0.295212835073471,0.275399059057236,0.187401786446571,0.212186828255653,2.40150737762451,4.20048999786377,43.208080291748
2023,119,Cambodia,4.341,4.446,4.236,1.011,1.019,0.442,0.863,0.17,0.071,0.765,17.9681453704834,60.0614252117159
2022,115,Cambodia,4.393,4.508,4.279,1.025,1.024,0.283,0.768,0.176,0.051,1.068,14.9985504150391,58.7424032681922
2021,114,Cambodia,4.64,4.765,4.516,1.019,0.732,0.505,0.74,0.166,0.068,1.41,13.8764019012451,57.9598846864777
2020,115,Cambodia,4.83,4.963,4.698,0.603,0.68,0.426,0.702,0.21,0.061,2.148,14.4409313201904,54.835750579834
2019,106,Cambodia,4.8484001159668,4.96209335327148,4.73470687866211,0.544634938240051,1.07142603397369,0.587904334068298,0.674940347671509,0.233342081308365,0.0728375017642975,1.66330003738403,16.8353996276855,52.3081059868316
2023,104,Cameroon,4.874,4.996,4.753,0.943,0.856,0.288,0.521,0.126,0.06,2.08,15.7919597625732,44.3895797729492
2022,96,Cameroon,4.973,5.112,4.834,0.965,0.871,0.118,0.405,0.144,0.059,2.411,16.1898593902588,45.143669128418
2021,102,Cameroon,5.048,5.188,4.907,0.968,0.672,0.317,0.397,0.152,0.074,2.469,16.9050903320312,45.0281105041504
2020,92,Cameroon,5.142,5.288,4.996,0.543,0.556,0.159,0.425,0.205,0.058,3.195,15.3162603378296,45.259028706221
2019,98,Cameroon,5.08489990234375,5.21680021286011,4.95299959182739,0.50395804643631,0.899726450443268,0.270189553499222,0.439242482185364,0.198020100593567,0.0543934218585491,2.71937084197998,14.8440399169922,44.4228539826159
2023,15,Canada,6.9,6.984,6.815,1.84,1.459,0.701,0.73,0.23,0.368,1.572,..,..
2022,13,Canada,6.961,7.042,6.879,1.881,1.484,0.541,0.656,0.218,0.364,1.815,77.3137588500977,108.613220214844
2021,15,Canada,7.025,7.107,6.943,1.886,1.188,0.783,0.659,0.217,0.368,1.924,77.8022918701172,109.334312438965
2020,15,Canada,7.103,7.185,7.021,1.447,1.044,0.798,0.648,0.246,0.335,2.585,74.1571426391602,110.079071044922
2019,11,Canada,7.23210000991821,7.31129455566406,7.15290546417236,1.30164766311646,1.43539190292358,1.02250194549561,0.644028127193451,0.281528919935226,0.351701855659485,2.1952691078186,72.8150634765625,110.858299255371
2019,149,Central African Republic,3.47589993476868,3.70165848731995,3.25014138221741,0.0410720817744732,0.0,0.0,0.292814463376999,0.253513216972351,0.0282647181302309,2.8601975440979,..,..
2023,113,Chad,4.471,4.63,4.313,0.603,0.805,0.199,0.411,0.218,0.113,2.122,..,25.2421398162842
2022,114,Chad,4.397,4.633,4.16,0.622,0.962,0.043,0.393,0.255,0.088,2.034,..,..
2021,130,Chad,4.251,4.503,3.999,0.662,0.506,0.225,0.18,0.182,0.077,2.419,..,24.0918598175049
2020,129,Chad,4.355,4.54,4.171,0.255,0.353,0.0,0.24,0.215,0.084,3.209,4.53319978713989,..
2019,127,Chad,4.42269992828369,4.57015323638916,4.27524662017822,0.302287489175797,0.739118278026581,0.108744099736214,0.228601768612862,0.210805088281631,0.0857554078102112,2.74742650985718,..,20.9835300445557
2023,38,Chile,6.36,6.448,6.273,1.616,1.369,0.673,0.651,0.117,0.075,1.858,..,..
2022,35,Chile,6.334,6.424,6.243,1.645,1.384,0.511,0.546,0.131,0.076,2.04,99.3372802734375,106.068328857422
2021,44,Chile,6.172,6.262,6.082,1.651,1.08,0.748,0.46,0.124,0.069,2.04,96.2227935791016,106.673522949219
2020,44,Chile,6.172,6.262,6.081,1.2,0.946,0.678,0.438,0.159,0.07,2.682,89.1124877929688,103.691688537598
2019,39,Chile,6.22849988937378,6.31811857223511,6.13888120651245,1.09699249267578,1.32328689098358,0.889260828495026,0.417482227087021,0.155579000711441,0.0628493502736092,2.28301286697388,92.0659713745117,104.405769348145
2023,60,China,5.973,6.061,5.885,1.497,1.239,0.629,0.704,0.132,0.164,1.608,74.823600769043,..
2022,64,China,5.818,5.905,5.731,1.51,1.249,0.468,0.666,0.115,0.145,1.666,71.9815521240234,..
2021,72,China,5.585,5.65,5.52,1.508,0.958,0.705,0.656,0.099,0.142,1.516,67.3876190185547,..
2020,85,China,5.339,5.397,5.281,1.061,0.785,0.665,0.636,0.093,0.117,1.982,62.2367782592773,..
2019,94,China,5.12389993667603,5.17466735839844,5.07313251495361,0.990533411502838,1.13208067417145,0.86724853515625,0.601605117321014,0.079021044075489,0.117255553603172,1.33618187904358,57.2754402160645,..
2023,78,Colombia,5.695,5.806,5.584,1.437,1.241,0.648,0.644,0.072,0.059,1.596,..,..
2022,72,Colombia,5.63,5.747,5.514,1.455,1.213,0.486,0.562,0.08,0.068,1.765,59.2901382446289,101.573776245117
2021,66,Colombia,5.781,5.903,5.659,1.452,0.929,0.72,0.545,0.087,0.077,1.971,58.3159217834473,102.987998962402
2020,53,Colombia,6.012,6.132,5.892,1.021,0.866,0.615,0.554,0.1,0.063,2.794,55.7331085205078,101.499450683594
2019,44,Colombia,6.16340017318726,6.27410268783569,6.05269765853882,0.932203710079193,1.3344509601593,0.81002014875412,0.52689003944397,0.0923740938305855,0.0458483695983887,2.42165660858154,56.6663017272949,101.989349365234
2023,132,Comoros,3.566,3.754,3.378,0.896,0.328,0.37,0.172,0.128,0.16,1.512,..,55.1931973675637
2022,130,Comoros,3.545,3.774,3.317,0.914,0.327,0.215,0.117,0.129,0.145,1.699,..,..
2021,116,Comoros,4.609,4.849,4.368,0.899,0.476,0.424,0.185,0.195,0.125,2.304,..,..
2020,132,Comoros,4.289,4.454,4.123,0.488,0.367,0.279,0.202,0.241,0.101,2.61,..,..
2019,134,Comoros,4.28859996795654,4.45390653610229,4.12329339981079,0.415620774030685,0.723232805728912,0.437383323907852,0.181028231978416,0.258538275957108,0.100048534572124,2.17276906967163,..,..
2023,12,Costa Rica,6.955,7.051,6.86,1.561,1.373,0.661,0.797,0.109,0.123,2.333,..,..
2022,23,Costa Rica,6.609,6.71,6.507,1.587,1.34,0.503,0.683,0.099,0.116,2.281,..,133.159164428711
2021,23,Costa Rica,6.582,6.683,6.481,1.584,1.054,0.744,0.661,0.089,0.102,2.346,..,141.202713012695
2020,17,Costa Rica,7.069,7.179,6.96,1.134,0.966,0.722,0.673,0.105,0.083,3.387,..,135.900039672852
2019,15,Costa Rica,7.12139987945557,7.20923948287964,7.03356027603149,0.981107711791992,1.37485361099243,0.939635336399078,0.645017743110657,0.131266310811043,0.0963620916008949,2.95313501358032,54.7189712524414,137.016326904297
2023,63,Croatia,5.942,6.047,5.837,1.71,1.445,0.637,0.469,0.064,0.043,1.574,..,..
2022,48,Croatia,6.125,6.237,6.013,1.727,1.455,0.475,0.5,0.087,0.003,1.88,80.7626724243164,105.577796936035
2021,47,Croatia,6.125,6.229,6.022,1.705,1.183,0.709,0.535,0.109,0.0,1.884,78.0067901611328,105.876342773438
2020,61,Croatia,5.882,5.975,5.788,1.251,1.039,0.703,0.453,0.111,0.0,2.325,74.738037109375,105.585418701172
2019,79,Croatia,5.50470018386841,5.57875633239746,5.43064403533936,1.10902428627014,1.31126487255096,0.900575578212738,0.381456881761551,0.113998979330063,0.0123250056058168,1.67602920532227,74.0501174926758,105.13597869873
2023,50,Cyprus,6.068,6.182,5.954,1.794,1.217,0.744,0.529,0.124,0.049,1.611,..,..
2022,46,Cyprus,6.13,6.236,6.024,1.824,1.224,0.58,0.455,0.104,0.05,1.893,98.3045806884766,104.005722045898
2021,41,Cyprus,6.221,6.32,6.122,1.815,0.909,0.819,0.448,0.123,0.062,2.044,96.5377883911133,102.499496459961
2020,40,Cyprus,6.223,6.319,6.128,1.377,0.765,0.801,0.464,0.178,0.061,2.578,92.9377593994141,101.427406311035
2019,45,Cyprus,6.15899991989136,6.25818777084351,6.05981206893921,1.21279942989349,1.14917075634003,1.02612459659576,0.459385871887207,0.227932333946228,0.0512071438133717,2.03233480453491,88.4853286743164,100.850433349609
2023,18,Czechia,6.822,6.903,6.741,1.783,1.511,0.638,0.787,0.177,0.068,1.858,..,..
2022,18,Czechia,6.845,6.931,6.759,1.823,1.544,0.477,0.693,0.158,0.05,2.099,70.8145904541016,102.935562133789
2021,18,Czechia,6.92,7.029,6.811,1.815,1.26,0.715,0.66,0.158,0.048,2.263,69.8369293212891,102.089942932129
2020,19,Czechia,6.965,7.062,6.868,1.37,1.09,0.703,0.58,0.052,0.046,3.124,67.1843719482422,99.3292617797852
2019,19,Czechia,6.9109001159668,6.99496698379517,6.82683324813843,1.21232235431671,1.40528666973114,0.89456444978714,0.505744576454163,0.0463259294629097,0.0498032234609127,2.79680824279785,66.8802185058594,100.21556854248
2023,2,Denmark,7.583,7.665,7.5,1.908,1.52,0.699,0.823,0.204,0.548,1.881,..,..
2022,2,Denmark,7.586,7.667,7.506,1.949,1.548,0.537,0.734,0.208,0.525,2.084,84.5866088867188,130.326995849609
2021,2,Denmark,7.636,7.71,7.563,1.953,1.243,0.777,0.719,0.188,0.532,2.226,83.982292175293,131.772018432617
2020,3,Denmark,7.62,7.687,7.552,1.502,1.108,0.763,0.686,0.208,0.485,2.868,82.6643295288086,129.995193481445
2019,2,Denmark,7.64559984207153,7.71124458312988,7.57995510101318,1.32694852352142,1.50344920158386,0.979332566261292,0.665039896965027,0.242793396115303,0.495260328054428,2.43274068832397,81.6945877075195,129.311126708984
2023,69,Dominican Republic,5.823,5.967,5.679,1.517,1.272,0.511,0.73,0.086,0.196,1.512,..,72.2825393676758
2022,73,Dominican Republic,5.569,5.712,5.426,1.536,1.227,0.351,0.623,0.083,0.195,1.553,55.1665306091309,76.5283203125
2021,69,Dominican Republic,5.737,5.873,5.601,1.538,1.003,0.577,0.606,0.084,0.179,1.751,56.4690818786621,75.7044830322266
2020,74,Dominican Republic,5.545,5.685,5.405,1.106,0.879,0.555,0.581,0.101,0.144,2.178,58.7264099121094,80.0444107055664
2019,68,Dominican Republic,5.68919992446899,5.82606935501099,5.552330493927,0.983191847801208,1.32888889312744,0.741901695728302,0.562873899936676,0.112196780741215,0.115945681929588,1.84424686431885,64.3841323852539,81.8562393188477
2023,74,Ecuador,5.725,5.85,5.599,1.315,1.151,0.64,0.606,0.087,0.078,1.846,..,93.4162673950195
2022,74,Ecuador,5.559,5.682,5.436,1.343,1.173,0.476,0.56,0.079,0.069,1.86,59.8797798156738,94.7636413574219
2021,76,Ecuador,5.533,5.653,5.414,1.352,0.879,0.708,0.565,0.08,0.083,1.866,..,95.227783203125
2020,67,Ecuador,5.764,5.875,5.653,0.935,0.806,0.64,0.56,0.107,0.062,2.653,56.9066314697266,94.6894073486328
2019,58,Ecuador,5.92519998550415,6.0288462638855,5.8215537071228,0.853383600711823,1.22102761268616,0.838837742805481,0.555234551429749,0.115006476640701,0.0867533832788467,2.25493383407593,47.2627792358398,94.7315368652344
2023,33,El Salvador,6.469,6.599,6.338,1.265,1.08,0.549,0.816,0.083,0.253,2.424,32.2285118103027,65.7442016601562
2022,50,El Salvador,6.122,6.257,5.986,1.278,1.044,0.383,0.713,0.079,0.222,2.403,31.2823791503906,65.3314666748047
2021,49,El Salvador,6.12,6.25,5.99,1.265,0.768,0.607,0.666,0.089,0.212,2.514,30.1295890808105,66.0354766845703
2020,50,El Salvador,6.061,6.188,5.933,0.845,0.675,0.565,0.615,0.116,0.16,3.085,30.8192100524902,66.2030334472656
2019,34,El Salvador,6.34829998016357,6.46246671676636,6.23413324356079,0.748940408229828,1.14939761161804,0.752730011940002,0.524043917655945,0.11893630027771,0.11703035235405,2.93719172477722,28.3688907623291,66.0821228027344
2023,34,Estonia,6.448,6.524,6.371,1.752,1.527,0.657,0.805,0.166,0.401,1.138,..,..
2022,31,Estonia,6.455,6.534,6.377,1.798,1.526,0.494,0.728,0.153,0.372,1.383,71.4251937866211,112.551849365234
2021,36,Estonia,6.341,6.415,6.266,1.793,1.232,0.728,0.689,0.123,0.333,1.442,73.1502075195312,113.01091003418
2020,41,Estonia,6.189,6.263,6.115,1.344,1.079,0.64,0.641,0.119,0.263,2.103,72.0443572998047,112.527702331543
2019,51,Estonia,6.02180004119873,6.09233093261719,5.95126914978027,1.19244122505188,1.45323252677917,0.842615008354187,0.576664805412292,0.125136747956276,0.201766818761826,1.62992811203003,72.7060317993164,112.287200927734
2023,135,Eswatini,3.502,3.673,3.331,1.255,0.925,0.176,0.284,0.059,0.116,0.686,..,..
2021,125,Eswatini,4.396,4.607,4.185,1.274,0.786,0.197,0.259,0.038,0.154,1.688,..,..
2023,130,Ethiopia,3.861,3.997,3.725,0.792,0.915,0.42,0.441,0.27,0.101,0.923,..,..
2022,124,Ethiopia,4.091,4.273,3.908,0.793,1.114,0.25,0.451,0.283,0.101,1.099,..,..
2021,131,Ethiopia,4.241,4.365,4.118,0.788,0.809,0.457,0.472,0.205,0.136,1.375,..,..
2020,134,Ethiopia,4.275,4.374,4.175,0.37,0.679,0.331,0.451,0.241,0.114,2.089,..,..
2019,136,Ethiopia,4.18620014190674,4.26247358322144,4.10992670059204,0.315125644207001,1.00110328197479,0.483846247196198,0.412566870450974,0.227698102593422,0.117437034845352,1.62845921516418,..,..
2023,1,Finland,7.741,7.815,7.667,1.844,1.572,0.695,0.859,0.142,0.546,2.082,..,..
2022,1,Finland,7.804,7.875,7.733,1.888,1.585,0.535,0.772,0.126,0.535,2.363,104.944221496582,144.852462768555
2021,1,Finland,7.821,7.886,7.756,1.892,1.258,0.775,0.736,0.109,0.534,2.518,100.868072509766,143.361343383789
2020,2,Finland,7.842,7.904,7.78,1.446,1.106,0.741,0.691,0.124,0.481,3.253,96.4726333618164,143.122909545898
2019,1,Finland,7.80870008468628,7.86976623535156,7.747633934021,1.28518950939178,1.49952590465546,0.961271405220032,0.662316739559174,0.159670442342758,0.477857261896133,2.76283502578735,94.5891189575195,144.613204956055
2023,27,France,6.609,6.685,6.533,1.818,1.348,0.727,0.65,0.112,0.281,1.672,..,..
2022,21,France,6.661,6.735,6.588,1.856,1.433,0.566,0.582,0.083,0.27,1.872,71.4203109741211,104.256248474121
2021,20,France,6.687,6.758,6.615,1.863,1.219,0.808,0.567,0.07,0.266,1.895,69.9397888183594,104.522842407227
2020,22,France,6.69,6.762,6.618,1.421,1.081,0.804,0.536,0.092,0.235,2.521,68.8709411621094,104.566566467285
2019,23,France,6.66379976272583,6.73745012283325,6.59014940261841,1.26812934875488,1.45883917808533,1.02971422672272,0.514050900936127,0.112607702612877,0.227303236722946,2.05319833755493,67.7331314086914,104.07689666748
2023,95,Gabon,5.106,5.243,4.969,1.403,1.038,0.344,0.516,0.045,0.1,1.66,..,..
2022,94,Gabon,5.035,5.175,4.894,1.438,1.021,0.183,0.346,0.036,0.102,1.908,..,..
2021,106,Gabon,4.958,5.091,4.826,1.459,0.738,0.396,0.343,0.032,0.099,1.892,14.7383832931519,71.4352105480219
2020,113,Gabon,4.852,4.998,4.706,1.037,0.707,0.362,0.424,0.058,0.064,2.201,..,..
2019,108,Gabon,4.82929992675781,4.94742584228516,4.71117401123047,0.988044381141663,1.10639750957489,0.522574841976166,0.369459897279739,0.0520136021077633,0.0558045394718647,1.735027551651,19.6197319030762,67.1427777469016
2023,91,Georgia,5.185,5.283,5.087,1.467,0.99,0.524,0.68,0.0,0.174,1.349,80.2798004150391,104.344261169434
2022,90,Georgia,5.109,5.219,5.0,1.477,0.947,0.366,0.539,0.0,0.201,1.58,78.9377136230469,103.779502868652
2021,105,Georgia,4.973,5.079,4.867,1.467,0.612,0.595,0.508,0.0,0.208,1.583,76.8213119506836,105.999618530273
2020,109,Georgia,4.891,4.998,4.785,1.03,0.47,0.498,0.488,0.032,0.181,2.191,71.3107528686523,107.726676940918
2019,117,Georgia,4.67259979248047,4.75769805908203,4.58750152587891,0.847198069095612,0.731193900108337,0.694657623767853,0.48549410700798,0.0476097352802753,0.174088075757027,1.69239830970764,69.0164108276367,111.499992370605
2023,24,Germany,6.719,6.815,6.622,1.871,1.39,0.702,0.7,0.174,0.368,1.513,..,..
2022,16,Germany,6.892,6.989,6.795,1.919,1.401,0.539,0.618,0.153,0.365,1.898,77.3656997680664,100.81729888916
2021,14,Germany,7.034,7.122,6.947,1.924,1.088,0.776,0.585,0.163,0.358,2.142,75.6655426025391,101.203536987305
2020,14,Germany,7.155,7.232,7.077,1.48,0.993,0.757,0.6,0.195,0.306,2.824,72.3894195556641,101.307800292969
2019,17,Germany,7.0757999420166,7.14559507369995,7.00600481033325,1.31418454647064,1.36854374408722,0.97211480140686,0.56427413225174,0.252037703990936,0.309362292289734,2.29524946212769,72.705078125,101.152557373047
2023,120,Ghana,4.289,4.396,4.182,1.077,0.747,0.36,0.623,0.183,0.028,1.273,21.990140914917,..
2022,107,Ghana,4.605,4.729,4.481,1.101,0.756,0.197,0.526,0.211,0.035,1.779,20.3897304534912,76.7830963134766
2021,111,Ghana,4.872,4.999,4.745,1.112,0.595,0.409,0.5,0.23,0.056,1.972,19.1863193511963,75.3132629394531
2020,96,Ghana,5.088,5.219,4.958,0.68,0.595,0.287,0.517,0.268,0.058,2.684,18.6487197875977,73.2740478515625
2019,91,Ghana,5.14799976348877,5.26292371749878,5.03307580947876,0.575862467288971,0.966367959976196,0.432162255048752,0.477290064096451,0.261291205883026,0.0565703809261322,2.37843728065491,17.4338893890381,70.6078872680664
2023,64,Greece,5.934,6.027,5.84,1.684,1.276,0.696,0.337,0.018,0.093,1.83,..,..
2022,58,Greece,5.931,6.024,5.838,1.708,1.247,0.535,0.248,0.008,0.097,2.089,166.665649414062,106.21671295166
2021,58,Greece,5.948,6.043,5.853,1.703,0.98,0.774,0.249,0.015,0.108,2.119,150.605484008789,104.77806854248
2020,69,Greece,5.723,5.813,5.632,1.273,0.811,0.76,0.243,0.0,0.074,2.561,143.693344116211,103.615829467773
2019,77,Greece,5.5149998664856,5.6069860458374,5.42301368713379,1.12807011604309,1.16897356510162,0.979431748390198,0.173516348004341,0.0,0.0488443523645401,2.01617908477783,143.96272277832,106.527839660645
2023,42,Guatemala,6.287,6.457,6.117,1.26,1.169,0.467,0.735,0.105,0.078,2.473,27.2776298522949,47.6308784484863
2022,43,Guatemala,6.15,6.362,5.939,1.287,1.188,0.31,0.631,0.106,0.066,2.562,..,46.1119003295898
2021,39,Guatemala,6.262,6.46,6.064,1.274,0.831,0.522,0.662,0.112,0.115,2.746,..,48.3225402832031
2020,31,Guatemala,6.435,6.577,6.292,0.845,0.79,0.519,0.638,0.163,0.105,3.375,18.6944980621338,51.9058113098145
2019,29,Guatemala,6.39890003204346,6.51336050033569,6.28443956375122,0.753815710544586,1.17426705360413,0.7059525847435,0.613146722316742,0.170611664652824,0.0983603000640869,2.88272309303284,22.6505107879639,52.6072883605957
2023,97,Guinea,5.023,5.166,4.881,0.831,0.622,0.236,0.521,0.21,0.107,2.497,..,..
2022,91,Guinea,5.072,5.213,4.931,0.844,0.776,0.072,0.369,0.204,0.102,2.705,..,..
2021,109,Guinea,4.891,5.028,4.753,0.848,0.566,0.275,0.334,0.214,0.116,2.538,6.7185697555542,35.9549392998814
2020,103,Guinea,4.984,5.16,4.808,0.42,0.399,0.206,0.384,0.25,0.111,3.216,5.77144193649292,37.3931079993499
2019,102,Guinea,4.94929981231689,5.09246253967285,4.80613708496094,0.390007734298706,0.751365959644318,0.33365523815155,0.371878057718277,0.249490842223167,0.112204559147358,2.74072980880737,6.84396314620972,37.9919232403293
2020,144,Haiti,3.615,3.953,3.276,0.294,0.173,0.227,0.257,0.463,0.139,2.06,..,..
2019,142,Haiti,3.72079992294312,3.9196674823761,3.52193236351013,0.284734427928925,0.64667135477066,0.374366730451584,0.169297516345978,0.463909655809402,0.161935672163963,1.61991691589355,..,..
2023,61,Honduras,5.968,6.114,5.822,1.091,1.035,0.502,0.72,0.175,0.081,2.364,..,55.1028709411621
2022,53,Honduras,6.023,6.196,5.849,1.115,1.072,0.341,0.613,0.189,0.062,2.631,22.1740608215332,54.1617584228516
2021,55,Honduras,6.022,6.189,5.855,1.111,0.885,0.555,0.582,0.202,0.076,2.611,22.4562759399414,54.5551300048828
2020,60,Honduras,5.919,6.081,5.758,0.703,0.787,0.593,0.578,0.241,0.083,2.934,22.7773380279541,56.8269882202148
2019,56,Honduras,5.95319986343384,6.08203363418579,5.82436609268188,0.598763585090637,1.18666410446167,0.791989982128143,0.568148076534271,0.256528198719025,0.0868071019649506,2.46429538726807,25.126579284668,64.1083908081055
2023,56,Hungary,6.017,6.124,5.91,1.722,1.528,0.596,0.581,0.123,0.067,1.4,..,..
2022,51,Hungary,6.041,6.149,5.933,1.754,1.519,0.435,0.501,0.105,0.065,1.663,58.0702514648438,102.908576965332
2021,51,Hungary,6.086,6.187,5.985,1.748,1.233,0.668,0.485,0.078,0.064,1.812,56.5250091552734,99.6950988769531
2020,54,Hungary,5.992,6.085,5.899,1.301,1.083,0.615,0.454,0.067,0.04,2.432,54.6020393371582,101.993041992188
2019,53,Hungary,6.00040006637573,6.07776737213135,5.92303276062012,1.16430711746216,1.42300939559937,0.806793868541718,0.386401802301407,0.0704912394285202,0.0275481734424829,2.12184572219849,52.3610382080078,102.561637878418
2023,3,Iceland,7.525,7.618,7.433,1.881,1.617,0.718,0.819,0.258,0.182,2.05,..,..
2022,3,Iceland,7.53,7.625,7.434,1.926,1.62,0.559,0.738,0.25,0.187,2.25,84.985237121582,112.589393615723
2021,3,Iceland,7.557,7.651,7.464,1.936,1.32,0.803,0.718,0.27,0.191,2.32,86.5232086181641,115.156303405762
2020,5,Iceland,7.554,7.67,7.438,1.482,1.172,0.772,0.698,0.293,0.17,2.967,74.5906066894531,110.487319946289
2019,4,Iceland,7.50449991226196,7.62134695053101,7.38765287399292,1.3265016078949,1.547567486763,1.00084340572357,0.661980748176575,0.362330228090286,0.144540771842003,2.46068811416626,70.6093521118164,112.034339904785
2023,126,India,4.054,4.123,3.985,1.166,0.653,0.417,0.767,0.174,0.122,0.756,33.1165237426758,78.863958593161
2022,126,India,4.036,4.092,3.98,1.159,0.674,0.252,0.685,0.175,0.111,0.979,32.6703071594238,81.1778611796872
2021,136,India,3.777,3.828,3.726,1.167,0.376,0.471,0.647,0.198,0.123,0.795,31.5741767883301,80.6246396929286
2020,140,India,3.819,3.869,3.769,0.741,0.316,0.383,0.622,0.246,0.106,1.405,29.8196392059326,77.6271551845716
2019,144,India,3.57329988479614,3.62759637832642,3.51900339126587,0.730576157569885,0.644198656082153,0.540570139884949,0.581142246723175,0.237072482705116,0.105587981641293,0.734130859375,29.0233592987061,75.5255813598633
2023,80,Indonesia,5.568,5.67,5.466,1.361,1.184,0.472,0.779,0.399,0.055,1.318,45.1352272033691,97.1654711118149
2022,84,Indonesia,5.277,5.392,5.161,1.384,1.169,0.314,0.663,0.422,0.038,1.288,42.6331672668457,98.9717306316633
2021,87,Indonesia,5.24,5.341,5.139,1.382,0.883,0.539,0.62,0.468,0.047,1.3,41.0022087097168,99.0968322828421
2020,83,Indonesia,5.345,5.454,5.235,0.954,0.786,0.433,0.598,0.541,0.046,1.987,38.6503868103027,98.0443013603661
2019,84,Indonesia,5.28560018539429,5.37907743453979,5.19212293624878,0.891720712184906,1.15480089187622,0.610437035560608,0.568161427974701,0.542646527290344,0.0382786132395267,1.47957348823547,37.925968170166,95.7836905704493
2023,92,Iraq,5.166,5.283,5.049,1.249,0.996,0.498,0.425,0.141,0.048,1.809,..,..
2022,98,Iraq,4.941,5.099,4.783,1.281,0.953,0.324,0.351,0.134,0.038,1.861,..,..
2021,107,Iraq,4.941,5.099,4.783,1.289,0.682,0.554,0.328,0.147,0.046,1.894,..,..
2020,112,Iraq,4.854,4.97,4.738,0.91,0.638,0.381,0.302,0.153,0.041,2.429,..,..
2019,110,Iraq,4.78480005264282,4.93727207183838,4.63232803344727,0.982018709182739,1.0114666223526,0.529350697994232,0.283588051795959,0.153002068400383,0.0731649920344353,1.75217366218567,..,..
2023,17,Ireland,6.838,6.927,6.749,2.129,1.39,0.7,0.758,0.205,0.418,1.239,..,..
2022,14,Ireland,6.911,6.996,6.825,2.152,1.425,0.539,0.656,0.186,0.409,1.545,76.6049499511719,133.150497436523
2021,13,Ireland,7.041,7.121,6.961,2.129,1.166,0.779,0.627,0.19,0.408,1.743,78.7776031494141,135.252197265625
2020,16,Ireland,7.085,7.164,7.006,1.644,1.092,0.753,0.606,0.238,0.367,2.384,74.6803131103516,135.224670410156
2019,16,Ireland,7.09369993209839,7.17183208465576,7.01556777954102,1.44688677787781,1.47059643268585,0.975670695304871,0.587779939174652,0.295426994562149,0.373433262109756,1.94387817382813,75.1799392700195,138.091217041016
2023,5,Israel,7.341,7.405,7.277,1.803,1.513,0.74,0.641,0.153,0.193,2.298,..,..
2022,4,Israel,7.473,7.535,7.411,1.833,1.521,0.577,0.569,0.124,0.158,2.691,57.6379203796387,96.5853729248047
2021,9,Israel,7.364,7.426,7.301,1.826,1.221,0.818,0.568,0.155,0.143,2.634,58.9942817687988,96.9270782470703
2020,13,Israel,7.157,7.224,7.09,1.376,1.074,0.788,0.509,0.208,0.119,3.083,56.4272193908691,96.1416931152344
2019,14,Israel,7.12860012054443,7.21192979812622,7.04527044296265,1.21646368503571,1.40325677394867,1.00805294513702,0.42069947719574,0.266861796379089,0.09989845007658,2.7133584022522,55.9445381164551,96.2954177856445
2023,41,Italy,6.324,6.436,6.211,1.8,1.328,0.72,0.513,0.112,0.074,1.777,..,..
2022,33,Italy,6.405,6.511,6.298,1.832,1.365,0.559,0.438,0.097,0.063,2.052,73.8962097167969,101.353858947754
2021,31,Italy,6.467,6.57,6.363,1.834,1.052,0.801,0.412,0.085,0.059,2.222,71.2745208740234,101.834869384766
2020,29,Italy,6.483,6.572,6.395,1.393,0.94,0.798,0.379,0.133,0.047,2.794,68.7231063842773,101.836128234863
2019,30,Italy,6.38740015029907,6.47224473953247,6.30255556106567,1.23639607429504,1.34729599952698,1.02250492572784,0.321305572986603,0.170266211032867,0.0401455983519554,2.2495059967041,65.6895065307617,101.74178314209
2023,67,Jamaica,5.842,6.059,5.624,1.28,1.324,0.567,0.647,0.089,0.028,1.907,..,86.4048004150391
2022,68,Jamaica,5.703,5.876,5.529,1.305,1.329,0.411,0.587,0.079,0.039,1.954,..,83.871467590332
2021,63,Jamaica,5.85,6.023,5.676,1.296,1.045,0.646,0.567,0.08,0.053,2.164,..,87.2776412963867
2020,38,Jamaica,6.309,6.615,6.004,0.891,0.932,0.599,0.618,0.099,0.035,3.135,..,85.1645812988281
2019,60,Jamaica,5.88980007171631,6.12615728378296,5.65344285964966,0.779058396816254,1.40828919410706,0.788434088230133,0.553124606609344,0.116268493235111,0.030147785320878,2.21443653106689,..,87.9186782836914
2023,51,Japan,6.06,6.144,5.976,1.786,1.354,0.785,0.632,0.023,0.219,1.261,..,..
2022,47,Japan,6.129,6.211,6.047,1.825,1.396,0.622,0.556,0.009,0.207,1.513,64.6288299560547,102.337966918945
2021,54,Japan,6.039,6.119,5.959,1.835,1.089,0.866,0.537,0.007,0.218,1.487,63.1702690124512,102.155380249023
2020,57,Japan,5.94,6.02,5.861,1.389,0.949,0.838,0.504,0.02,0.192,2.048,62.1358413696289,102.844802856445
2019,62,Japan,5.87080001831055,5.95192766189575,5.78967237472534,1.26672410964966,1.33233869075775,1.07288134098053,0.495465874671936,0.0357117801904678,0.181439638137817,1.4862003326416,62.1184997558594,102.670066833496
2023,125,Jordan,4.186,4.306,4.066,1.262,0.983,0.594,0.593,0.059,0.189,0.504,33.0567016601562,91.9696807861328
2022,123,Jordan,4.12,4.242,3.997,1.292,0.98,0.438,0.517,0.056,0.173,0.663,32.5119781494141,90.9912719726562
2021,134,Jordan,4.152,4.276,4.029,1.324,0.724,0.675,0.476,0.058,0.2,0.695,30.4513092041016,90.0635986328125
2020,128,Jordan,4.395,4.516,4.273,0.89,0.685,0.583,0.455,0.079,0.15,1.553,30.2879695892334,90.1993026733398
2019,119,Jordan,4.63339996337891,4.7485523223877,4.51824760437012,0.785179197788239,1.14011859893799,0.777624726295471,0.424855083227158,0.0914947688579559,0.151878625154495,1.26225805282593,30.11083984375,89.5104827880859
2023,49,Kazakhstan,6.188,6.278,6.097,1.622,1.457,0.556,0.733,0.149,0.12,1.551,56.5271034240723,97.1888259892982
2022,44,Kazakhstan,6.144,6.239,6.049,1.664,1.491,0.389,0.628,0.136,0.149,1.688,58.9427337646484,95.764237810566
2021,40,Kazakhstan,6.234,6.33,6.138,1.668,1.22,0.611,0.584,0.134,0.157,1.86,61.2268028259277,95.7335493007596
2020,46,Kazakhstan,6.152,6.243,6.06,1.23,1.103,0.527,0.573,0.143,0.132,2.446,64.8498611450195,94.3694359734055
2019,50,Kazakhstan,6.05789995193481,6.14263010025024,5.97316980361938,1.12259423732758,1.45326769351959,0.698788940906525,0.497432142496109,0.153713792562485,0.110463686287403,2.02160263061523,59.5819778442383,101.3594374785
2023,114,Kenya,4.47,4.595,4.344,1.037,0.895,0.353,0.519,0.282,0.069,1.316,..,..
2022,111,Kenya,4.487,4.616,4.357,1.051,0.881,0.19,0.418,0.291,0.055,1.601,..,..
2021,119,Kenya,4.543,4.683,4.403,1.032,0.605,0.401,0.44,0.322,0.082,1.661,..,..
2020,122,Kenya,4.607,4.747,4.466,0.603,0.508,0.385,0.483,0.375,0.073,2.18,..,..
2019,121,Kenya,4.58300018310547,4.71589803695679,4.45010232925415,0.476413398981094,0.905077755451202,0.536312758922577,0.519180536270142,0.393902093172073,0.0672010779380798,1.6849045753479,10.5694704055786,..
2023,29,Kosovo,6.561,6.667,6.455,1.364,1.277,0.599,0.739,0.254,0.073,2.255,..,..
2022,34,Kosovo,6.368,6.485,6.25,1.374,1.269,0.372,0.639,0.275,0.045,2.393,..,..
2021,32,Kosovo,6.455,6.571,6.339,1.362,0.949,0.569,0.599,0.309,0.035,2.631,..,..
2020,34,Kosovo,6.372,6.487,6.257,0.937,0.807,0.483,0.593,0.356,0.014,3.182,..,..
2019,35,Kosovo,6.32520008087158,6.42754411697388,6.22285604476929,0.840481340885162,1.18396282196045,0.672709167003632,0.557280421257019,0.325286865234375,0.00855902396142483,2.73690271377563,..,..
2023,13,Kuwait,6.951,7.06,6.843,1.845,1.364,0.661,0.827,0.2,0.172,1.884,..,..
2021,50,Kuwait,6.106,6.235,5.977,1.904,0.983,0.747,0.617,0.087,0.147,1.621,61.558048248291,..
2020,48,Kuwait,6.106,6.235,5.977,1.461,0.857,0.58,0.591,0.12,0.13,2.368,53.7298583984375,..
2019,48,Kuwait,6.10209989547729,6.2065634727478,5.99763631820679,1.42483365535736,1.24477982521057,0.776468932628632,0.570261418819427,0.13275109231472,0.1128149330616,1.84016799926758,50.4700584411621,..
2023,94,Lao PDR,5.139,5.261,5.017,1.208,0.846,0.423,0.796,0.17,0.167,1.529,14.901439666748,54.502009299061
2022,89,Lao PDR,5.111,5.269,4.952,1.232,0.853,0.257,0.715,0.185,0.162,1.707,13.6964569091797,56.8832442136407
2021,95,Lao PDR,5.14,5.263,5.018,1.239,0.654,0.479,0.679,0.197,0.184,1.709,12.4585027694702,59.8290705858321
2020,101,Lao PDR,5.03,5.119,4.941,0.808,0.598,0.33,0.643,0.268,0.179,2.204,12.5843343734741,62.4285213803305
2019,104,Lao PDR,4.88859987258911,4.96752643585205,4.80967330932617,0.71469384431839,0.987391889095306,0.486378282308578,0.612027287483215,0.272667109966278,0.194273963570595,1.62115263938904,13.7658739089966,64.9903165535712
2023,46,Latvia,6.234,6.314,6.155,1.7,1.508,0.564,0.666,0.127,0.078,1.59,..,..
2022,41,Latvia,6.213,6.295,6.131,1.737,1.505,0.405,0.58,0.107,0.071,1.808,91.3303680419922,104.764526367188
2021,42,Latvia,6.18,6.255,6.106,1.732,1.221,0.637,0.502,0.075,0.09,1.923,93.4839324951172,105.814010620117
2020,52,Latvia,6.032,6.103,5.961,1.285,1.047,0.587,0.405,0.082,0.089,2.536,94.5108337402344,105.956283569336
2019,57,Latvia,5.94999980926514,6.01828241348267,5.88171720504761,1.14139544963837,1.41439878940582,0.77790242433548,0.329198807477951,0.0754079446196556,0.0903915241360664,2.12128305435181,94.8645324707031,107.602462768555
2023,142,Lebanon,2.707,2.797,2.616,1.377,0.577,0.556,0.173,0.068,0.029,-0.073,60.1667213439941,64.7028884887695
2022,136,Lebanon,2.392,2.479,2.305,1.417,0.476,0.398,0.123,0.061,0.027,-0.11,61.5956115722656,..
2021,145,Lebanon,2.955,3.049,2.862,1.392,0.498,0.631,0.103,0.082,0.034,0.216,58.4441413879395,..
2020,124,Lebanon,4.584,4.691,4.477,1.045,0.868,0.595,0.175,0.14,0.026,1.736,51.6985816955566,..
2019,111,Lebanon,4.77150011062622,4.85725784301758,4.68574237823486,0.889232516288757,1.19249331951141,0.788671135902405,0.18551667034626,0.158524140715599,0.0215181466192007,1.53554224967957,50.3490180969238,..
2023,141,Lesotho,3.186,3.469,2.904,0.771,0.851,0.0,0.523,0.082,0.085,0.875,..,..
2021,141,Lesotho,3.512,3.748,3.276,0.839,0.848,0.0,0.419,0.076,0.018,1.312,..,..
2020,146,Lesotho,3.512,3.748,3.276,0.451,0.731,0.007,0.405,0.103,0.015,1.8,..,..
2019,143,Lesotho,3.6528000831604,3.8137571811676,3.4918429851532,0.454938739538193,1.08894002437592,0.100934810936451,0.40936753153801,0.102627642452717,0.0504838228225708,1.44551396369934,..,..
2023,121,Liberia,4.269,4.474,4.063,0.619,0.673,0.301,0.546,0.178,0.075,1.878,..,..
2022,125,Liberia,4.042,4.325,3.76,0.628,0.644,0.141,0.471,0.219,0.071,1.869,..,..
2021,97,Liberia,5.122,5.428,4.815,0.636,0.67,0.309,0.405,0.178,0.08,2.844,..,..
2020,121,Liberia,4.625,4.833,4.417,0.228,0.58,0.253,0.43,0.221,0.057,2.857,..,37.8051300048828
2019,124,Liberia,4.55789995193481,4.71853446960449,4.39726543426514,0.174103006720543,0.92073392868042,0.392284274101257,0.405943095684052,0.226967871189117,0.0511398762464523,2.38675785064697,..,..
2023,66,Libya,5.866,5.987,5.746,1.526,1.1,0.55,0.592,0.111,0.204,1.785,..,..
2021,86,Libya,5.33,5.543,5.118,1.476,0.943,0.606,0.477,0.106,0.179,1.544,..,..
2020,81,Libya,5.41,5.558,5.262,1.044,0.821,0.435,0.474,0.131,0.174,2.331,..,..
2019,80,Libya,5.48880004882813,5.60772752761841,5.36987257003784,1.02191376686096,1.19628369808197,0.615626633167267,0.451354056596756,0.142757698893547,0.172258079051971,1.88856315612793,..,..
2023,19,Lithuania,6.818,6.896,6.739,1.766,1.454,0.598,0.533,0.044,0.116,2.307,..,..
2022,20,Lithuania,6.763,6.849,6.677,1.808,1.511,0.432,0.487,0.059,0.089,2.377,76.9154586791992,106.918357849121
2021,34,Lithuania,6.446,6.535,6.356,1.804,1.204,0.659,0.496,0.053,0.077,2.153,70.6638793945312,108.505813598633
2020,39,Lithuania,6.255,6.344,6.167,1.35,1.065,0.612,0.476,0.056,0.073,2.624,69.1454772949219,105.987487792969
2019,41,Lithuania,6.21549987792969,6.3021183013916,6.12888145446777,1.19355964660645,1.43286573886871,0.795421183109283,0.420460790395737,0.0536910407245159,0.0813502743840218,2.23814606666565,70.1848678588867,103.88060760498
2023,8,Luxembourg,7.122,7.213,7.031,2.141,1.355,0.708,0.801,0.146,0.432,1.54,..,..
2022,9,Luxembourg,7.228,7.363,7.093,2.2,1.357,0.549,0.71,0.149,0.418,1.845,21.032600402832,107.83975982666
2021,6,Luxembourg,7.404,7.501,7.307,2.209,1.155,0.79,0.7,0.12,0.388,2.042,20.7341499328613,106.482757568359
2020,9,Luxembourg,7.324,7.396,7.252,1.751,1.003,0.76,0.639,0.166,0.353,2.653,19.961389541626,107.078948974609
2019,10,Luxembourg,7.23750019073486,7.29796981811523,7.17703056335449,1.53667604923248,1.38752841949463,0.986442685127258,0.610137045383453,0.195953920483589,0.3670414686203,2.15370035171509,19.3969497680664,106.946510314941
2023,123,Madagascar,4.228,4.359,4.097,0.628,0.823,0.333,0.25,0.172,0.123,1.897,6.4074501991272,..
2022,127,Madagascar,4.019,4.199,3.839,0.632,0.779,0.178,0.187,0.177,0.134,1.932,6.15096998214722,..
2021,128,Madagascar,4.339,4.53,4.148,0.67,0.645,0.378,0.202,0.143,0.154,2.148,..,35.1450665804339
2020,136,Madagascar,4.208,4.349,4.068,0.266,0.503,0.341,0.207,0.185,0.087,2.62,5.67685985565186,..
2019,137,Madagascar,4.16559982299805,4.27838230133057,4.05281734466553,0.244553208351135,0.823694348335266,0.500617027282715,0.192967548966408,0.1911900639534,0.0762486383318901,2.13629841804504,5.53402996063232,33.9341493314188
2023,136,Malawi,3.421,3.561,3.281,0.617,0.41,0.349,0.571,0.135,0.136,1.203,..,..
2022,131,Malawi,3.495,3.671,3.32,0.637,0.479,0.189,0.49,0.139,0.129,1.432,..,..
2021,138,Malawi,3.75,3.941,3.56,0.648,0.279,0.388,0.477,0.14,0.157,1.661,..,..
2020,145,Malawi,3.6,3.781,3.419,0.113,0.168,0.298,0.484,0.213,0.134,2.19,..,..
2019,145,Malawi,3.53800010681152,3.67571067810059,3.40028953552246,0.176534727215767,0.530368089675903,0.446163296699524,0.487389832735062,0.213185057044029,0.131633952260017,1.55271828174591,..,35.0998992919922
2023,59,Malaysia,5.975,6.078,5.872,1.646,1.143,0.54,0.829,0.226,0.119,1.473,41.2618560791016,85.5096191873777
2022,55,Malaysia,6.012,6.167,5.858,1.665,1.155,0.385,0.659,0.222,0.122,1.804,40.2706604003906,84.5425041170296
2021,70,Malaysia,5.711,5.845,5.578,1.689,0.938,0.62,0.654,0.213,0.126,1.471,40.9142608642578,80.2709086459728
2020,82,Malaysia,5.384,5.48,5.289,1.259,0.797,0.587,0.624,0.27,0.064,1.784,42.4097671508789,78.5830993652344
2019,82,Malaysia,5.38430023193359,5.47995328903198,5.28864717483521,1.168421626091,1.17400228977203,0.788511872291565,0.596941530704498,0.274886161088943,0.062163133174181,1.31942081451416,43.1977157592773,80.5930786132812
2020,90,Maldives,5.198,5.339,5.057,1.115,1.015,0.697,0.575,0.204,0.073,1.52,28.3089008331299,..
2019,87,Maldives,5.1975998878479,5.33869123458862,5.05650854110718,0.937864303588867,1.40228760242462,0.914439558982849,0.548203647136688,0.224198251962662,0.0719064921140671,1.09867477416992,51.3613624572754,70.7690811157227
2023,122,Mali,4.232,4.347,4.117,0.747,0.688,0.267,0.586,0.12,0.09,1.734,..,39.8626403808594
2022,120,Mali,4.198,4.319,4.076,0.763,0.637,0.106,0.441,0.121,0.059,2.07,..,..
2021,123,Mali,4.479,4.611,4.347,0.792,0.483,0.311,0.35,0.128,0.042,2.373,..,..
2020,118,Mali,4.723,4.884,4.563,0.387,0.59,0.11,0.384,0.164,0.072,3.016,..,..
2019,114,Mali,4.72930002212524,4.85545110702515,4.60314893722534,0.352462649345398,0.973141729831696,0.234981521964073,0.377534449100494,0.169667050242424,0.0621462762355804,2.55933523178101,4.73440647125244,..
2023,40,Malta,6.346,6.43,6.261,1.827,1.444,0.707,0.727,0.25,0.125,1.267,..,..
2022,37,Malta,6.3,6.388,6.212,1.841,1.468,0.547,0.671,0.2,0.143,1.429,78.6229400634766,102.695037841797
2021,33,Malta,6.447,6.535,6.359,1.838,1.169,0.789,0.679,0.174,0.166,1.631,73.0226974487305,103.094459533691
2020,24,Malta,6.602,6.688,6.516,1.411,1.055,0.747,0.664,0.275,0.183,2.268,62.8752517700195,102.924011230469
2019,22,Malta,6.77279996871948,6.85699796676636,6.68860197067261,1.2525132894516,1.44295692443848,0.97204202413559,0.633239030838013,0.341180831193924,0.178864076733589,1.95201206207275,58.5368690490723,104.505729675293
2023,111,Mauritania,4.505,4.673,4.337,1.078,0.705,0.4,0.343,0.133,0.198,1.649,..,..
2022,103,Mauritania,4.724,5.011,4.437,1.099,0.764,0.244,0.32,0.13,0.195,1.973,..,..
2021,133,Mauritania,4.153,4.356,3.95,1.1,0.865,0.45,0.304,0.088,0.138,1.207,..,..
2020,135,Mauritania,4.227,4.365,4.09,0.666,0.749,0.273,0.218,0.119,0.133,2.069,5.95125007629395,35.8889999389648
2019,129,Mauritania,4.37459993362427,4.48258304595947,4.26661682128906,0.539684891700745,1.11332356929779,0.425184816122055,0.185714483261108,0.128899663686752,0.122257634997368,1.85955739021301,5.8698902130127,37.4504814147949
2023,70,Mauritius,5.816,5.927,5.706,1.57,1.358,0.49,0.641,0.123,0.118,1.517,..,..
2022,59,Mauritius,5.902,6.013,5.791,1.589,1.382,0.336,0.574,0.121,0.11,1.79,44.2026786804199,..
2021,52,Mauritius,6.071,6.184,5.958,1.591,1.116,0.568,0.589,0.131,0.107,1.969,43.9577217102051,..
2020,51,Mauritius,6.049,6.165,5.933,1.178,0.996,0.574,0.59,0.153,0.096,2.462,42.537841796875,89.5019989013672
2019,49,Mauritius,6.10129976272583,6.21346378326416,5.9891357421875,1.07366394996643,1.39566683769226,0.763389408588409,0.590838134288788,0.186894550919533,0.0840882286429405,2.00672054290771,42.9878692626953,93.135498046875
2023,25,Mexico,6.678,6.781,6.575,1.521,1.241,0.544,0.722,0.086,0.127,2.437,..,..
2022,36,Mexico,6.33,6.441,6.218,1.55,1.169,0.389,0.632,0.086,0.115,2.389,46.4061317443848,98.3576583862305
2021,46,Mexico,6.128,6.238,6.017,1.552,0.886,0.623,0.621,0.092,0.115,2.239,45.6506195068359,98.3202514648438
2020,37,Mexico,6.317,6.42,6.213,1.126,0.83,0.634,0.585,0.092,0.089,2.961,45.1654510498047,102.58154296875
2019,24,Mexico,6.46500015258789,6.55931997299194,6.37068033218384,1.02438747882843,1.22633349895477,0.831601023674011,0.553892552852631,0.083094485104084,0.0831336677074432,2.66254019737244,43.0441398620605,105.515609741211
2023,77,Mongolia,5.696,5.783,5.61,1.353,1.511,0.4,0.501,0.237,0.055,1.64,65.3136138916016,99.1215283290276
2022,61,Mongolia,5.84,5.93,5.75,1.379,1.494,0.244,0.425,0.239,0.058,2.001,64.3169937133789,97.6302037098505
2021,68,Mongolia,5.761,5.845,5.676,1.393,1.197,0.467,0.398,0.247,0.059,1.999,64.4591369628906,99.7959558672287
2020,71,Mongolia,5.677,5.76,5.595,0.966,1.065,0.442,0.397,0.263,0.053,2.492,64.5476303100586,95.9892657742893
2019,81,Mongolia,5.45620012283325,5.53521394729614,5.37718629837036,0.90487277507782,1.45893061161041,0.615788161754608,0.355703115463257,0.263885736465454,0.0465331263840199,1.81052756309509,67.6281585693359,89.1558423616889
2023,76,Montenegro,5.707,5.815,5.599,1.571,1.318,0.587,0.632,0.11,0.132,1.357,55.1743011474609,93.8724975585938
2022,67,Montenegro,5.722,5.941,5.503,1.537,1.385,0.424,0.563,0.17,0.061,1.581,57.4317893981934,92.1609725952148
2021,75,Montenegro,5.547,5.681,5.413,1.573,1.023,0.659,0.46,0.135,0.077,1.619,57.9613914489746,93.1638412475586
2020,73,Montenegro,5.581,5.686,5.475,1.155,0.891,0.637,0.397,0.166,0.081,2.254,58.0944709777832,92.3578720092773
2019,72,Montenegro,5.54610013961792,5.64211225509644,5.4500880241394,1.0101500749588,1.26565790176392,0.839028894901276,0.303223848342896,0.149010330438614,0.0984351113438606,1.88056588172913,56.2633209228516,91.84033203125
2023,107,Morocco,4.795,4.912,4.677,1.213,0.471,0.495,0.631,0.042,0.082,1.861,47.709358215332,89.7980422973633
2022,100,Morocco,4.903,5.023,4.783,1.236,0.535,0.337,0.54,0.013,0.085,2.158,46.1795501708984,86.2332000732422
2021,100,Morocco,5.06,5.181,4.938,1.208,0.268,0.565,0.492,0.02,0.102,2.405,42.8228912353516,82.1820602416992
2020,107,Morocco,4.918,5.036,4.8,0.792,0.219,0.558,0.477,0.034,0.088,2.749,40.02001953125,81.3967819213867
2019,97,Morocco,5.09479999542236,5.20387506484985,4.98572492599487,0.758622109889984,0.645208477973938,0.745096921920776,0.450054138898849,0.0400325506925583,0.0773856043815613,2.37840247154236,38.0248603820801,80.1277923583984
2023,90,Mozambique,5.216,5.406,5.027,0.56,0.883,0.156,0.728,0.158,0.196,2.536,..,..
2022,97,Mozambique,4.954,5.181,4.727,0.57,0.885,0.0,0.625,0.161,0.192,2.519,..,37.8922391567718
2021,101,Mozambique,5.048,5.273,4.823,0.578,0.66,0.191,0.593,0.185,0.2,2.641,..,33.628709753407
2020,116,Mozambique,4.794,4.997,4.592,0.183,0.634,0.196,0.608,0.228,0.163,2.783,..,41.2977552767328
2019,120,Mozambique,4.62360000610352,4.77899694442749,4.46820306777954,0.178741365671158,0.955202877521515,0.324223637580872,0.560775339603424,0.220422104001045,0.163064315915108,2.22121620178223,7.30147504806519,31.9430628028609
2023,118,Myanmar,4.354,4.501,4.208,0.978,0.988,0.436,0.45,0.401,0.174,0.928,..,..
2022,117,Myanmar,4.372,4.533,4.212,1.032,1.125,0.269,0.46,0.4,0.194,0.893,..,..
2021,126,Myanmar,4.394,4.511,4.277,1.038,0.829,0.491,0.513,0.452,0.194,0.877,..,..
2020,127,Myanmar,4.426,4.527,4.324,0.666,0.713,0.341,0.601,0.52,0.178,1.407,..,..
2019,133,Myanmar,4.30800008773804,4.39218044281006,4.22381973266602,0.678090929985046,1.09817826747894,0.495443075895309,0.597478866577148,0.56981372833252,0.187530353665352,0.681462526321411,..,..
2023,106,Namibia,4.832,4.958,4.705,1.266,1.212,0.307,0.47,0.069,0.061,1.446,..,..
2022,105,Namibia,4.631,4.766,4.496,1.289,1.126,0.145,0.383,0.069,0.071,1.549,28.8917407989502,..
2021,124,Namibia,4.459,4.593,4.326,1.292,0.877,0.354,0.384,0.067,0.071,1.414,..,..
2020,125,Namibia,4.574,4.7,4.448,0.882,0.801,0.262,0.411,0.091,0.059,2.068,28.3682403564453,..
2019,122,Namibia,4.57110023498535,4.69062805175781,4.45157241821289,0.840081989765167,1.24573814868927,0.406871169805527,0.444598972797394,0.0764544829726219,0.0543203428387642,1.50303316116333,27.7483100891113,..
2023,93,Nepal,5.158,5.29,5.027,0.965,0.99,0.443,0.653,0.209,0.115,1.783,17.8263874053955,89.5513635551859
2022,78,Nepal,5.36,5.507,5.214,0.979,1.027,0.281,0.567,0.215,0.104,2.187,13.9988746643066,83.9228076897993
2021,84,Nepal,5.377,5.502,5.251,0.984,0.784,0.499,0.519,0.237,0.13,2.224,14.3841028213501,83.5162189990173
2020,88,Nepal,5.269,5.406,5.132,0.519,0.702,0.496,0.488,0.287,0.135,2.642,13.9312324523926,84.5885009765625
2019,92,Nepal,5.13719987869263,5.25027656555176,5.0241231918335,0.444050371646881,1.10078930854797,0.668879389762878,0.480608254671097,0.300971806049347,0.127502962946892,2.01438689231873,13.9224119186401,79.3168182373047
2023,6,Netherlands,7.319,7.383,7.256,1.901,1.462,0.706,0.725,0.247,0.372,1.906,..,..
2022,5,Netherlands,7.403,7.46,7.346,1.942,1.488,0.545,0.672,0.251,0.394,2.11,..,138.767501831055
2021,5,Netherlands,7.415,7.471,7.359,1.945,1.206,0.787,0.651,0.271,0.419,2.137,89.3898620605469,135.962173461914
2020,6,Netherlands,7.464,7.518,7.41,1.501,1.079,0.753,0.647,0.302,0.384,2.798,85.3370819091797,136.284164428711
2019,6,Netherlands,7.44890022277832,7.50337219238281,7.39442825317383,1.33894634246826,1.46364593505859,0.975675344467163,0.613626480102539,0.33631756901741,0.368569761514664,2.35211706161499,..,114.804168701172
2023,11,New Zealand,7.029,7.105,6.954,1.81,1.527,0.673,0.746,0.226,0.48,1.567,..,..
2022,10,New Zealand,7.123,7.198,7.048,1.842,1.544,0.513,0.672,0.23,0.471,1.852,77.0104675292969,114.774932861328
2021,10,New Zealand,7.2,7.279,7.12,1.852,1.235,0.752,0.68,0.245,0.483,1.954,79.4128875732422,117.595428466797
2020,10,New Zealand,7.277,7.355,7.198,1.4,1.094,0.785,0.665,0.276,0.445,2.612,75.7348327636719,116.893188476562
2019,8,New Zealand,7.29960012435913,7.37695264816284,7.22224760055542,1.24231791496277,1.48721837997437,1.00813829898834,0.646789908409119,0.325726211071014,0.461268275976181,2.12810802459717,77.5843734741211,120.266319274902
2023,43,Nicaragua,6.284,6.433,6.135,1.097,1.263,0.542,0.793,0.133,0.251,2.203,29.5410194396973,69.6625518798828
2022,40,Nicaragua,6.259,6.408,6.109,1.109,1.292,0.385,0.66,0.148,0.218,2.448,19.3310508728027,..
2021,45,Nicaragua,6.165,6.312,6.017,1.105,1.029,0.617,0.617,0.168,0.212,2.418,19.8995819091797,..
2020,56,Nicaragua,5.972,6.134,5.81,0.693,0.904,0.604,0.553,0.201,0.176,2.841,18.6855163574219,..
2019,46,Nicaragua,6.13710021972656,6.26231861114502,6.01188182830811,0.620033144950867,1.27081274986267,0.803093254566193,0.560117304325104,0.212871477007866,0.174084573984146,2.49608111381531,17.767614364624,..
2023,109,Niger,4.556,4.712,4.401,0.573,0.677,0.293,0.615,0.145,0.147,2.107,..,22.8998107910156
2022,109,Niger,4.501,4.712,4.291,0.561,0.628,0.137,0.54,0.154,0.14,2.341,..,..
2021,104,Niger,5.003,5.247,4.76,0.57,0.56,0.326,0.571,0.165,0.145,2.667,..,..
2020,97,Niger,5.074,5.273,4.875,0.162,0.402,0.167,0.516,0.2,0.157,3.47,4.59342241287231,..
2019,103,Niger,4.90959978103638,5.0609278678894,4.75827169418335,0.108330331742764,0.703800141811371,0.298816353082657,0.435311615467072,0.208176895976067,0.13755476474762,3.0176305770874,4.43339014053345,..
2023,102,Nigeria,4.881,5.018,4.744,1.042,1.075,0.256,0.566,0.201,0.019,1.722,..,..
2022,95,Nigeria,4.981,5.136,4.825,1.065,1.007,0.092,0.448,0.176,0.013,2.181,..,..
2021,118,Nigeria,4.552,4.651,4.453,1.079,0.732,0.3,0.444,0.175,0.038,1.784,..,47.2372283935547
2020,117,Nigeria,4.759,4.861,4.658,0.663,0.625,0.051,0.433,0.212,0.039,2.736,..,45.889949798584
2019,115,Nigeria,4.72410011291504,4.82624816894531,4.62195205688477,0.64590185880661,0.986717939376831,0.167835935950279,0.435079455375671,0.221328124403954,0.047589935362339,2.21963548660278,..,..
2023,84,North Macedonia,5.369,5.468,5.27,1.475,1.277,0.569,0.58,0.194,0.015,1.26,..,..
2022,87,North Macedonia,5.254,5.361,5.146,1.498,1.171,0.408,0.515,0.207,0.02,1.435,53.1601181030273,91.4516372680664
2021,89,North Macedonia,5.199,5.303,5.095,1.505,0.863,0.637,0.488,0.215,0.031,1.461,44.3020210266113,84.1619567871094
2020,95,North Macedonia,5.101,5.202,5.001,1.068,0.772,0.535,0.45,0.212,0.022,2.042,43.782169342041,82.4416732788086
2023,7,Norway,7.302,7.389,7.215,1.952,1.517,0.704,0.835,0.224,0.484,1.586,..,..
2022,7,Norway,7.315,7.402,7.229,1.994,1.521,0.544,0.752,0.212,0.463,1.829,97.6419830322266,119.442527770996
2021,8,Norway,7.365,7.44,7.29,1.997,1.239,0.786,0.728,0.217,0.474,1.925,93.9243011474609,119.816871643066
2020,7,Norway,7.392,7.462,7.323,1.543,1.108,0.782,0.703,0.249,0.427,2.58,87.1685333251953,119.941543579102
2019,5,Norway,7.48799991607666,7.55628108978271,7.41971874237061,1.42420732975006,1.49517250061035,1.00807189941406,0.670200884342194,0.28798508644104,0.434100568294525,2.16826629638672,85.7633819580078,119.421340942383
2023,108,Pakistan,4.657,4.779,4.535,1.069,0.6,0.321,0.542,0.144,0.074,1.907,11.2206001281738,..
2022,108,Pakistan,4.555,4.707,4.404,1.081,0.657,0.158,0.511,0.141,0.102,1.907,10.6203098297119,42.3586853238267
2021,121,Pakistan,4.516,4.634,4.397,1.049,0.413,0.374,0.448,0.181,0.112,1.94,12.5983591079712,41.8552345316015
2020,106,Pakistan,4.934,5.066,4.802,0.637,0.423,0.322,0.418,0.252,0.097,2.784,11.944239616394,..
2019,66,Pakistan,5.69329977035522,5.78780364990234,5.59879589080811,0.616799473762512,0.872979581356049,0.469933241605759,0.405421733856201,0.228705063462257,0.122592121362686,2.97687673568726,11.3472347259521,39.6166540049859
2023,39,Panama,6.358,6.489,6.227,1.702,1.392,0.633,0.72,0.063,0.043,1.806,..,..
2022,38,Panama,6.265,6.424,6.105,1.714,1.402,0.475,0.63,0.065,0.036,1.943,58.173511505127,..
2021,37,Panama,6.309,6.464,6.154,1.715,1.107,0.709,0.592,0.049,0.051,2.086,53.0445899963379,82.8732284547998
2020,42,Panama,6.18,6.323,6.036,1.298,0.976,0.667,0.596,0.079,0.053,2.509,45.2206611633301,..
2019,36,Panama,6.30480003356934,6.42186069488525,6.18773937225342,1.09766781330109,1.37614929676056,0.878546535968781,0.579849779605865,0.0972073078155518,0.0542305260896683,2.22117614746094,..,..
2023,57,Paraguay,5.977,6.085,5.868,1.398,1.408,0.549,0.788,0.131,0.065,1.637,..,79.5136489868164
2022,66,Paraguay,5.738,5.851,5.625,1.428,1.427,0.392,0.678,0.148,0.062,1.604,..,82.0107879638672
2021,73,Paraguay,5.578,5.689,5.467,1.409,1.13,0.624,0.629,0.171,0.059,1.555,..,84.2880096435547
2020,72,Paraguay,5.653,5.832,5.473,0.983,0.97,0.549,0.602,0.206,0.037,2.306,..,84.7876205444336
2019,67,Paraguay,5.69210004806519,5.79393768310547,5.5902624130249,0.897990822792053,1.36819756031036,0.735869646072388,0.586510062217712,0.204299241304398,0.0650773793458939,1.83412528038025,..,75.856393842696
2023,68,Peru,5.841,5.946,5.736,1.371,1.18,0.662,0.615,0.078,0.029,1.907,..,105.903396606445
2022,75,Peru,5.526,5.64,5.412,1.39,1.153,0.499,0.549,0.073,0.027,1.835,..,99.1219863891602
2021,74,Peru,5.559,5.679,5.439,1.397,0.865,0.735,0.545,0.09,0.037,1.89,..,98.1648101806641
2020,64,Peru,5.84,5.988,5.692,0.986,0.833,0.623,0.536,0.087,0.031,2.744,..,97.5327911376953
2019,63,Peru,5.79680013656616,5.91697025299072,5.6766300201416,0.918549180030823,1.2084059715271,0.824444174766541,0.51321005821228,0.0916118174791336,0.0270326603204012,2.21349954605103,..,97.7029800415039
2023,53,Philippines,6.048,6.166,5.929,1.232,1.146,0.441,0.826,0.099,0.136,2.167,45.2818946838379,92.8650157810305
2022,76,Philippines,5.523,5.675,5.371,1.238,1.108,0.286,0.714,0.104,0.141,1.931,39.5887565612793,93.6653339656569
2021,60,Philippines,5.904,6.007,5.8,1.268,0.912,0.514,0.678,0.107,0.142,2.283,34.8456192016602,87.131517608917
2020,62,Philippines,5.88,5.982,5.778,0.853,0.828,0.426,0.651,0.125,0.126,2.872,32.8472557067871,89.2450874983032
2019,52,Philippines,6.00600004196167,6.10372257232666,5.90827751159668,0.775120675563812,1.24538171291351,0.602189481258392,0.62191516160965,0.129260212182999,0.130385726690292,2.50174188613892,31.2367649078369,87.5707840643522
2023,35,Poland,6.442,6.513,6.37,1.738,1.417,0.639,0.6,0.081,0.175,1.791,..,..
2022,39,Poland,6.26,6.343,6.177,1.767,1.474,0.477,0.511,0.12,0.139,1.772,75.2911071777344,108.48217010498
2021,48,Poland,6.123,6.205,6.04,1.758,1.174,0.712,0.523,0.124,0.14,1.693,72.2060623168945,110.52970123291
2020,45,Poland,6.166,6.245,6.087,1.309,0.982,0.668,0.558,0.08,0.13,2.438,70.9730377197266,112.576263427734
2019,43,Poland,6.1862998008728,6.25588035583496,6.11671924591064,1.16922914981842,1.31039977073669,0.868038475513458,0.557903528213501,0.0633742436766624,0.160541251301765,2.05679798126221,70.9065017700195,109.753303527832
2023,55,Portugal,6.03,6.134,5.925,1.728,1.368,0.699,0.757,0.047,0.035,1.397,..,..
2022,56,Portugal,5.968,6.076,5.86,1.758,1.356,0.537,0.693,0.031,0.037,1.556,75.557243347168,121.978561401367
2021,56,Portugal,6.016,6.122,5.911,1.76,1.078,0.777,0.655,0.016,0.039,1.691,71.8742980957031,118.324661254883
2020,59,Portugal,5.929,6.037,5.821,1.323,0.939,0.76,0.621,0.029,0.033,2.225,67.7980194091797,118.360000610352
2019,59,Portugal,5.9109001159668,6.0150899887085,5.8067102432251,1.16880083084106,1.33953034877777,0.979315280914307,0.589895188808441,0.0530369468033314,0.0277334656566381,1.75255870819092,65.9340515136719,119.535041809082
2023,32,Romania,6.491,6.592,6.39,1.699,1.236,0.583,0.717,0.041,0.006,2.21,..,..
2022,24,Romania,6.589,6.69,6.488,1.726,1.28,0.423,0.631,0.044,0.0,2.485,58.2390403747559,83.0334701538086
2021,28,Romania,6.477,6.575,6.379,1.719,1.006,0.655,0.605,0.039,0.006,2.446,55.2656097412109,86.1970901489258
2020,47,Romania,6.14,6.253,6.027,1.275,0.832,0.595,0.564,0.045,0.001,2.83,53.4911117553711,86.416877746582
2019,47,Romania,6.12370014190674,6.21666812896729,6.03073215484619,1.12040162086487,1.19443809986115,0.792294859886169,0.53485232591629,0.0681816190481186,0.000829568831250072,2.41274976730347,52.4439697265625,86.4074096679688
2023,72,Russian Federation,5.785,5.859,5.712,1.642,1.351,0.531,0.551,0.138,0.121,1.451,..,92.4840469360352
2022,70,Russian Federation,5.661,5.734,5.588,1.68,1.383,0.366,0.449,0.12,0.091,1.572,53.9151916503906,93.9353866577148
2021,80,Russian Federation,5.459,5.525,5.392,1.685,1.095,0.586,0.401,0.117,0.08,1.494,54.9542503356934,93.3415603637695
2020,77,Russian Federation,5.477,5.541,5.413,1.241,0.992,0.511,0.409,0.115,0.06,2.148,57.2232894897461,92.7522506713867
2019,73,Russian Federation,5.5460000038147,5.62363481521606,5.46836519241333,1.12699961662292,1.37864410877228,0.680445909500122,0.399499595165253,0.0990419164299965,0.0456993617117405,1.81571674346924,80.9520721435547,100.471740722656
2021,143,Rwanda,3.268,3.462,3.074,0.785,0.133,0.462,0.621,0.187,0.544,0.536,7.35958433151245,44.1820793151855
2020,148,Rwanda,3.415,3.548,3.282,0.364,0.202,0.407,0.627,0.227,0.493,1.095,7.56710004806519,..
2019,150,Rwanda,3.31229996681213,3.41505336761475,3.20954656600952,0.343242675065994,0.52287632226944,0.572383284568787,0.604087889194489,0.235704988241196,0.485542476177216,0.548444986343384,6.31429004669189,44.0778999328613
2023,28,Saudi Arabia,6.594,6.707,6.48,1.842,1.361,0.511,0.787,0.114,0.188,1.79,..,..
2022,30,Saudi Arabia,6.463,6.581,6.344,1.861,1.37,0.351,0.682,0.093,0.17,1.936,73.7492065429688,119.968368530273
2021,25,Saudi Arabia,6.523,6.637,6.409,1.87,1.092,0.577,0.651,0.078,0.18,2.075,74.3924865722656,103.587013244629
2020,27,Saudi Arabia,6.494,6.604,6.384,1.435,0.964,0.571,0.603,0.09,0.163,2.668,74.7805709838867,103.277328491211
2019,27,Saudi Arabia,6.4064998626709,6.51730585098267,6.29569387435913,1.33432853221893,1.30995011329651,0.759818136692047,0.548477470874786,0.0874406844377518,0.163322314620018,2.20311880111694,79.6130676269531,104.450019836426
2023,99,Senegal,4.969,5.096,4.841,0.927,0.751,0.392,0.607,0.152,0.069,2.071,17.2958393096924,45.5100593566895
2022,102,Senegal,4.855,4.983,4.727,0.943,0.727,0.231,0.519,0.142,0.06,2.234,16.8081398010254,46.9506912231445
2021,103,Senegal,5.046,5.171,4.921,0.933,0.53,0.447,0.494,0.143,0.081,2.419,15.7343301773071,46.8130683898926
2020,93,Senegal,5.132,5.266,4.998,0.518,0.558,0.357,0.381,0.158,0.088,3.071,14.2285404205322,46.3485488891602
2019,101,Senegal,4.98080015182495,5.08422756195068,4.87737274169922,0.504061818122864,0.954593420028687,0.518391907215118,0.352400898933411,0.16439713537693,0.0818659365177155,2.4051239490509,13.3833703994751,45.9415283203125
2023,37,Serbia,6.411,6.522,6.3,1.538,1.391,0.585,0.663,0.2,0.101,1.932,73.2060012817383,..
2022,45,Serbia,6.144,6.299,5.988,1.552,1.343,0.424,0.617,0.246,0.081,1.881,72.0334320068359,95.0849685668945
2021,43,Serbia,6.178,6.294,6.062,1.55,1.086,0.658,0.546,0.219,0.088,2.031,69.2907028198242,92.8741836547852
2020,49,Serbia,6.078,6.181,5.974,1.101,0.924,0.634,0.482,0.189,0.066,2.682,68.5755081176758,92.6907577514648
2019,64,Serbia,5.77820014953613,5.87759637832642,5.67880392074585,0.988181829452515,1.32744896411896,0.828403294086456,0.395428419113159,0.150282889604568,0.0594471469521523,2.02904009819031,69.0413818359375,94.5711975097656
2023,140,Sierra Leone,3.245,3.366,3.124,0.654,0.566,0.253,0.469,0.181,0.053,1.068,..,..
2022,135,Sierra Leone,3.138,3.299,2.976,0.67,0.54,0.092,0.371,0.193,0.051,1.221,..,..
2021,140,Sierra Leone,3.574,3.732,3.416,0.686,0.416,0.273,0.387,0.202,0.055,1.556,..,70.7281265258789
2020,139,Sierra Leone,3.849,4.001,3.698,0.279,0.377,0.1,0.408,0.243,0.047,2.396,..,60.2446899414062
2019,139,Sierra Leone,3.92639994621277,4.04625558853149,3.80654430389404,0.240560382604599,0.747984945774078,0.203953966498375,0.382027685642242,0.257647007703781,0.0479409359395504,2.04627180099487,..,58.9547309875488
2023,30,Singapore,6.523,6.605,6.44,2.118,1.361,0.769,0.743,0.168,0.575,0.788,..,..
2022,25,Singapore,6.587,6.72,6.454,2.168,1.354,0.607,0.66,0.17,0.561,1.067,98.0222320556641,103.041313171387
2021,27,Singapore,6.48,6.569,6.392,2.149,1.127,0.851,0.672,0.163,0.587,0.932,97.0989074707031,103.041877746582
2020,33,Singapore,6.377,6.46,6.293,1.695,1.019,0.897,0.664,0.176,0.547,1.379,93.1347732543945,103.199592590332
2019,31,Singapore,6.37709999084473,6.44228744506836,6.31191253662109,1.51958012580872,1.39545691013336,1.13781428337097,0.635317206382751,0.218770906329155,0.533162236213684,0.937031745910645,91.0889892578125,104.714958190918
2023,21,Slovenia,6.743,6.843,6.643,1.786,1.502,0.695,0.789,0.157,0.131,1.683,..,..
2022,22,Slovenia,6.65,6.75,6.55,1.815,1.539,0.532,0.707,0.144,0.113,1.799,82.3922576904297,107.874809265137
2021,22,Slovenia,6.63,6.718,6.542,1.81,1.249,0.769,0.685,0.118,0.115,1.885,82.2400436401367,108.17887878418
2020,30,Slovenia,6.461,6.546,6.376,1.36,1.093,0.722,0.69,0.122,0.085,2.388,75.8166809082031,110.359169006348
2019,33,Slovenia,6.36339998245239,6.44932889938354,6.27747106552124,1.20865249633789,1.46467769145966,0.932548046112061,0.646700143814087,0.145701497793198,0.0765163227915764,1.88858652114868,76.4720077514648,111.369567871094
2023,83,South Africa,5.422,5.549,5.295,1.389,1.369,0.322,0.537,0.078,0.034,1.693,..,..
2022,85,South Africa,5.275,5.417,5.132,1.417,1.428,0.149,0.464,0.09,0.019,1.708,27.1743202209473,108.304618835449
2021,91,South Africa,5.194,5.315,5.073,1.425,1.088,0.361,0.442,0.089,0.046,1.742,25.3566093444824,111.801963806152
2020,104,South Africa,4.956,5.074,4.839,0.967,0.895,0.265,0.447,0.144,0.051,2.187,25.1296806335449,110.017478942871
2019,109,South Africa,4.81409978866577,4.93174600601196,4.69645357131958,0.902140438556671,1.25908625125885,0.407034069299698,0.434781819581985,0.126406848430634,0.0595021396875381,1.62511730194092,24.0192794799805,111.206802368164
2019,152,South Sudan,2.81660008430481,3.02751636505127,2.60568380355835,0.28908297419548,0.553278505802155,0.208809033036232,0.0656092539429665,0.20993460714817,0.111156798899174,1.37875127792358,..,..
2023,36,Spain,6.421,6.502,6.339,1.766,1.471,0.729,0.619,0.119,0.177,1.54,..,..
2022,32,Spain,6.436,6.519,6.354,1.798,1.491,0.567,0.533,0.101,0.157,1.789,94.5131072998047,119.015510559082
2021,29,Spain,6.476,6.56,6.392,1.808,1.211,0.808,0.505,0.101,0.149,1.893,94.5903778076172,119.114921569824
2020,28,Spain,6.491,6.574,6.408,1.375,1.057,0.826,0.462,0.135,0.124,2.513,90.9548492431641,117.367767333984
2019,28,Spain,6.40089988708496,6.48380851745605,6.31799125671387,1.23053526878357,1.4210991859436,1.05134308338165,0.425983816385269,0.165305480360985,0.109579779207706,1.99708843231201,91.020263671875,118.524719238281
2023,128,Sri Lanka,3.898,4.018,3.778,1.361,1.179,0.586,0.583,0.144,0.031,0.014,..,..
2022,112,Sri Lanka,4.442,4.603,4.28,1.422,1.224,0.426,0.539,0.12,0.086,0.625,22.9647026062012,89.4825170896809
2021,127,Sri Lanka,4.362,4.487,4.237,1.415,0.934,0.66,0.529,0.15,0.079,0.595,21.3629665374756,91.0135559713595
2020,130,Sri Lanka,4.325,4.454,4.196,0.99,0.82,0.593,0.559,0.239,0.049,1.075,20.8122158050537,..
2019,130,Sri Lanka,4.3270001411438,4.43104791641235,4.22295236587524,0.897986948490143,1.19494009017944,0.792036712169647,0.528632462024689,0.252666145563126,0.0494445636868477,0.611288547515869,20.2191257476807,..
2023,4,Sweden,7.344,7.422,7.267,1.878,1.501,0.724,0.838,0.221,0.524,1.658,..,..
2022,6,Sweden,7.395,7.468,7.322,1.921,1.51,0.562,0.754,0.225,0.52,1.903,83.8976135253906,139.406524658203
2021,7,Sweden,7.384,7.454,7.315,1.92,1.204,0.803,0.724,0.218,0.512,2.003,85.9426193237305,138.688186645508
2020,8,Sweden,7.363,7.433,7.293,1.478,1.062,0.763,0.685,0.244,0.448,2.683,79.1196365356445,136.426132202148
2019,7,Sweden,7.35349988937378,7.42451906204224,7.28248071670532,1.32223522663116,1.43334770202637,0.986470460891724,0.650297701358795,0.27282789349556,0.442066371440887,2.24629926681519,75.1148529052734,136.641006469727
2023,9,Switzerland,7.06,7.147,6.973,1.97,1.425,0.747,0.759,0.173,0.498,1.488,..,..
2022,8,Switzerland,7.24,7.324,7.156,2.022,1.463,0.582,0.678,0.151,0.475,1.87,74.1526794433594,103.392356872559
2021,4,Switzerland,7.512,7.586,7.437,2.026,1.226,0.822,0.677,0.147,0.461,2.153,71.893928527832,103.605186462402
2020,4,Switzerland,7.571,7.643,7.5,1.566,1.079,0.816,0.653,0.204,0.413,2.839,68.0676422119141,104.211616516113
2019,3,Switzerland,7.55989980697632,7.62852764129639,7.49127197265625,1.39077425003052,1.47240340709686,1.04053318500519,0.628954470157623,0.269055753946304,0.407945901155472,2.35026741027832,66.3093414306641,104.071113586426
2023,88,Tajikistan,5.281,5.361,5.201,,,,,,,,34.6658744812012,87.4183887120697
2022,80,Tajikistan,5.33,5.452,5.207,0.972,1.248,0.291,0.599,0.104,0.292,1.823,38.3422508239746,89.261589657007
2021,83,Tajikistan,5.377,5.468,5.287,0.966,1.005,0.518,0.572,0.118,0.304,1.895,39.504955291748,88.2055643880361
2020,79,Tajikistan,5.466,5.532,5.4,0.508,0.895,0.498,0.548,0.152,0.247,2.619,37.2250022888184,87.265519219648
2019,71,Tajikistan,5.55569982528687,5.61905002593994,5.49234962463379,0.47487461566925,1.21837770938873,0.680594801902771,0.521141171455383,0.182417124509811,0.22177991271019,2.25650835037231,..,..
2023,131,Tanzania,3.781,3.917,3.644,0.82,0.706,0.38,0.709,0.191,0.257,0.717,5.21874570846558,..
2022,129,Tanzania,3.694,3.84,3.547,0.836,0.787,0.214,0.607,0.234,0.269,0.747,5.43237113952637,..
2021,139,Tanzania,3.702,3.847,3.558,0.848,0.597,0.425,0.578,0.248,0.27,0.735,3.70787215232849,27.9080696105957
2020,143,Tanzania,3.623,3.762,3.485,0.433,0.54,0.3,0.549,0.307,0.231,1.263,7.50897979736328,30.7196795590619
2019,148,Tanzania,3.47620010375977,3.60009121894836,3.35230898857117,0.457163125276566,0.872674643993378,0.442677855491638,0.509343087673187,0.271540910005569,0.203880861401558,0.718963384628296,3.02422857284546,30.1566095935996
2023,58,Thailand,5.976,6.094,5.858,1.484,1.347,0.62,0.756,0.283,0.024,1.463,46.1752090454102,109.854930019435
2022,60,Thailand,5.843,5.969,5.717,1.515,1.344,0.461,0.624,0.291,0.013,1.594,43.9606094360352,101.874933807375
2021,61,Thailand,5.891,5.994,5.788,1.535,1.096,0.697,0.617,0.321,0.026,1.6,44.0830879211426,102.941030468274
2020,55,Thailand,5.985,6.077,5.893,1.107,0.957,0.596,0.611,0.375,0.028,2.309,43.1145401000977,108.779183101525
2019,54,Thailand,5.9987998008728,6.08228874206543,5.91531085968018,1.00702929496765,1.34751951694489,0.793855845928192,0.609449803829193,0.376709014177322,0.0318378619849682,1.83238410949707,45.4407386779785,109.378743181915
2023,124,Togo,4.214,4.33,4.098,0.758,0.586,0.32,0.453,0.127,0.156,1.814,..,65.2577590942383
2022,122,Togo,4.137,4.289,3.986,0.77,0.642,0.161,0.367,0.149,0.136,1.913,..,..
2021,135,Togo,4.112,4.272,3.953,0.771,0.322,0.36,0.292,0.174,0.132,2.061,..,64.290901184082
2020,137,Togo,4.107,4.258,3.956,0.254,0.239,0.203,0.289,0.209,0.107,2.806,15.0659399032593,..
2019,135,Togo,4.18720006942749,4.30971336364746,4.06468677520752,0.268116265535355,0.547622859477997,0.342731177806854,0.303539037704468,0.200774252414703,0.114826455712318,2.40959525108337,13.3234195709229,..
2019,42,Trinidad and Tobago,6.19189977645874,6.41621875762939,5.96758079528809,1.16764152050018,1.40732622146606,0.658828556537628,0.552931129932404,0.199358254671097,0.0150783956050873,2.19069576263428,..,..
2023,115,Tunisia,4.422,4.505,4.338,1.306,0.955,0.579,0.254,0.024,0.018,1.285,38.4501686096191,..
2022,110,Tunisia,4.497,4.601,4.393,1.333,0.981,0.422,0.259,0.022,0.016,1.463,37.8049087524414,..
2021,120,Tunisia,4.516,4.629,4.403,1.35,0.596,0.656,0.316,0.029,0.029,1.54,33.8982810974121,..
2020,123,Tunisia,4.596,4.709,4.484,0.919,0.515,0.59,0.334,0.057,0.044,2.138,33.1319389343262,..
2019,128,Tunisia,4.39219999313354,4.4895544052124,4.29484558105469,0.874742686748505,0.872167706489563,0.781156718730927,0.235860556364059,0.055881142616272,0.0438995733857155,1.52849674224854,31.8208293914795,..
2021,78,Turkmenistan,5.474,5.578,5.371,1.484,1.319,0.516,0.649,0.314,0.032,1.16,16.4158401489258,91.9673385620117
2020,98,Turkmenistan,5.066,5.136,4.996,1.046,1.172,0.439,0.602,0.366,0.033,1.409,14.3487100601196,88.4751815795898
2019,95,Turkmenistan,5.11910009384155,5.17668437957764,5.06151580810547,1.0089635848999,1.51047694683075,0.612448036670685,0.515236675739288,0.323129326105118,0.0335038900375366,1.11533737182617,12.9755001068115,85.9027862548828
2023,117,Uganda,4.372,4.501,4.243,0.772,1.151,0.373,0.587,0.178,0.054,1.256,..,..
2022,113,Uganda,4.432,4.607,4.258,0.785,1.144,0.201,0.425,0.197,0.051,1.628,..,..
2021,117,Uganda,4.603,4.747,4.459,0.777,0.875,0.418,0.402,0.222,0.066,1.842,..,..
2020,120,Uganda,4.636,4.78,4.493,0.364,0.718,0.24,0.398,0.267,0.054,2.596,..,..
2019,126,Uganda,4.43200016021729,4.56625127792358,4.29774904251099,0.312337428331375,1.05232739448547,0.378311663866043,0.401682555675507,0.264807373285294,0.0638188421726227,1.95867109298706,..,..
2023,105,Ukraine,4.873,4.988,4.758,1.35,1.315,0.513,0.631,0.285,0.025,0.753,..,..
2022,92,Ukraine,5.071,5.187,4.956,1.358,1.354,0.355,0.551,0.265,0.016,1.172,..,..
2021,98,Ukraine,5.084,5.19,4.978,1.411,1.081,0.583,0.473,0.188,0.017,1.331,75.9079437255859,84.6516265869141
2020,111,Ukraine,4.875,4.977,4.773,0.979,0.958,0.517,0.417,0.181,0.01,1.813,82.1345977783203,84.4283294677734
2019,123,Ukraine,4.56069993972778,4.65808057785034,4.46331930160522,0.780434608459473,1.3213164806366,0.698674380779266,0.319423705339432,0.178551316261292,0.00965115986764431,1.25266933441162,84.4813613891602,84.4568328857422
2023,22,United Arab Emirates,6.733,6.823,6.643,1.983,1.164,0.563,0.815,0.209,0.258,1.741,61.3456115722656,101.944969177246
2022,26,United Arab Emirates,6.571,6.656,6.486,2.015,1.223,0.401,0.745,0.188,0.247,1.752,..,..
2021,24,United Arab Emirates,6.576,6.66,6.492,1.998,0.98,0.633,0.702,0.204,0.25,1.809,..,..
2020,26,United Arab Emirates,6.561,6.637,6.484,1.555,0.86,0.594,0.67,0.236,0.223,2.422,55.7540512084961,83.4686508178711
2019,21,United Arab Emirates,6.79080009460449,6.87056875228882,6.71103143692017,1.43108642101288,1.25117099285126,0.787814438343048,0.652936100959778,0.280655980110168,0.220213517546654,2.1669659614563,56.5684204101562,82.3568878173828
2023,20,United Kingdom,6.749,6.833,6.665,1.822,1.326,0.672,0.713,0.267,0.351,1.598,..,..
2022,19,United Kingdom,6.796,6.877,6.714,1.857,1.366,0.511,0.626,0.272,0.34,1.822,80.1511001586914,113.228363037109
2021,17,United Kingdom,6.943,7.018,6.867,1.867,1.143,0.75,0.597,0.289,0.329,1.967,77.0768814086914,113.683822631836
2020,18,United Kingdom,7.064,7.138,6.99,1.423,1.062,0.757,0.58,0.34,0.306,2.596,69.5303802490234,114.651649475098
2019,13,United Kingdom,7.16450023651123,7.23733758926392,7.09166288375854,1.2730610370636,1.45784497261047,0.975700080394745,0.525168657302856,0.373433440923691,0.322601646184921,2.23672199249268,65.5249404907227,117.233337402344
2023,23,United States,6.725,6.818,6.631,1.939,1.392,0.542,0.586,0.223,0.169,1.873,..,..
2022,15,United States,6.894,6.986,6.802,1.98,1.46,0.39,0.557,0.21,0.172,2.124,79.361930847168,97.4734878540039
2021,16,United States,6.977,7.065,6.888,1.982,1.182,0.628,0.574,0.22,0.177,2.214,84.8550872802734,101.192489624023
2020,20,United States,6.951,7.047,6.856,1.533,1.03,0.621,0.554,0.252,0.154,2.807,87.5676574707031,100.509819030762
2019,18,United States,6.93959999084473,7.03233957290649,6.84686040878296,1.37398684024811,1.40478670597076,0.831618010997772,0.534608244895935,0.298143059015274,0.152284741401672,2.34412479400635,87.8887100219727,100.063430786133
2023,26,Uruguay,6.611,6.696,6.527,1.596,1.431,0.592,0.775,0.106,0.22,1.891,..,..
2022,28,Uruguay,6.494,6.583,6.404,1.617,1.445,0.435,0.683,0.102,0.254,1.958,76.3977432250977,121.13793182373
2021,30,Uruguay,6.474,6.562,6.386,1.615,1.18,0.672,0.665,0.103,0.265,1.974,75.17138671875,120.236488342285
2020,32,Uruguay,6.431,6.521,6.341,1.164,1.042,0.649,0.625,0.128,0.223,2.6,64.933219909668,116.991828918457
2019,26,Uruguay,6.44010019302368,6.52912139892578,6.35107898712158,1.07100045681,1.42508113384247,0.856928884983063,0.594267070293427,0.132143691182137,0.193425074219704,2.16727638244629,61.9644317626953,119.848533630371
2023,47,Uzbekistan,6.195,6.303,6.087,1.212,1.394,0.539,0.835,0.251,0.215,1.749,45.8428611755371,86.5340747437302
2022,54,Uzbekistan,6.014,6.13,5.899,1.227,1.347,0.375,0.74,0.26,0.208,1.856,31.2952404022217,86.9214392685034
2021,53,Uzbekistan,6.063,6.178,5.948,1.219,1.092,0.6,0.716,0.283,0.24,1.913,21.5782890319824,86.0562395236757
2020,43,Uzbekistan,6.179,6.312,6.045,0.769,1.027,0.528,0.716,0.391,0.271,2.477,15.972095489502,90.0642970154019
2019,38,Uzbekistan,6.25759983062744,6.3638858795166,6.15131378173828,0.696652948856354,1.43402004241943,0.716703712940216,0.693270325660706,0.363311022520065,0.280260264873505,2.07334661483765,12.4469442367554,96.2074737548828
2023,54,Viet Nam,6.043,6.138,5.948,1.331,1.267,0.539,0.843,0.094,0.16,1.81,..,..
2022,65,Viet Nam,5.763,5.865,5.662,1.349,1.212,0.381,0.741,0.134,0.122,1.824,42.2242393493652,97.2494761123623
2021,77,Viet Nam,5.485,5.57,5.4,1.252,0.932,0.611,0.707,0.143,0.105,1.735,38.8732376098633,96.0667428497231
2020,80,Viet Nam,5.411,5.488,5.334,0.817,0.873,0.616,0.679,0.124,0.091,2.211,..,93.7899476841572
2019,83,Viet Nam,5.35349988937378,5.41974925994873,5.28725051879883,0.718092381954193,1.25307476520538,0.819133996963501,0.650835573673248,0.136488720774651,0.0898484587669373,1.68597793579102,28.506929397583,93.1537784411482
2023,134,Zambia,3.502,3.636,3.368,0.899,0.809,0.264,0.727,0.168,0.109,0.526,..,..
2022,128,Zambia,3.982,4.167,3.797,0.914,0.89,0.095,0.545,0.189,0.08,1.27,..,..
2021,137,Zambia,3.76,3.902,3.618,0.93,0.577,0.306,0.525,0.203,0.083,1.135,..,..
2020,138,Zambia,4.073,4.209,3.938,0.528,0.552,0.231,0.487,0.227,0.074,1.975,..,..
2019,141,Zambia,3.75939989089966,3.87832617759705,3.64047360420227,0.536833763122559,0.89603728055954,0.363593339920044,0.491317540407181,0.250620901584625,0.0867052376270294,1.13433933258057,..,..
2023,138,Zimbabwe,3.341,3.457,3.226,0.748,0.85,0.232,0.487,0.096,0.131,0.797,..,..
2022,134,Zimbabwe,3.204,3.323,3.084,0.758,0.881,0.069,0.363,0.112,0.117,0.905,..,..
2021,144,Zimbabwe,2.995,3.11,2.88,0.947,0.69,0.27,0.329,0.106,0.105,0.548,..,..
2020,149,Zimbabwe,3.145,3.259,3.03,0.457,0.649,0.243,0.359,0.157,0.075,1.205,9.72360515594482,..
2019,151,Zimbabwe,3.2992000579834,3.41420197486877,3.18419814109802,0.425564020872116,1.04783523082733,0.375037610530853,0.377404719591141,0.151349186897278,0.0809285789728165,0.841031074523926,9.99564361572266,..
